block,plot,plant_num,spp_mix,plot_type,mix_type,species1,species2,mass_Sp,mass,bag_wt,true_wt,th,cd_fr,bc_ram_num,stem_num,leaf_num,sh,alive
1,1,1,ACAM,MONO,MONO_A,ACAM,ACAM,ACAM,6.84,5.43,1.41,64,16,5,1,5,0,Y
1,1,2,ACAM,MONO,MONO_A,ACAM,ACAM,ACAM,7.32,5.43,1.89,60,20,6,1,6,0,Y
1,1,3,ACAM,MONO,MONO_A,ACAM,ACAM,ACAM,7.29,5.43,1.86,56,11,4.5,1,5,0,Y
1,1,4,ACAM,MONO,MONO_A,ACAM,ACAM,ACAM,9.21,5.43,3.78,80,39,8,5,28,0,Y
1,1,5,ACAM,MONO,MONO_A,ACAM,ACAM,ACAM,7.74,5.43,2.31,60,36,6.5,1,7,0,Y
1,1,6,ACAM,MONO,MONO_A,ACAM,ACAM,ACAM,6.2,5.43,0.77,51,8,3.5,1,4,0,Y
1,1,7,ACAM,MONO,MONO_A,ACAM,ACAM,ACAM,7.54,5.43,2.11,71,21,5.5,1,6,0,Y
1,1,8,ACAM,MONO,MONO_A,ACAM,ACAM,ACAM,8.88,5.43,3.45,58,40,12,2,17,0,Y
1,1,9,ACAM,MONO,MONO_A,ACAM,ACAM,ACAM,6.98,5.43,1.55,64,22,6,1,7,0,Y
1,1,10,ACAM,MONO,MONO_A,ACAM,ACAM,ACAM,7.59,5.43,2.16,65,32,7,2,12,0,Y
1,1,NA,ACAM,MONO,MONO_A,ACAM,ACAM,TYPHA,338.1,41.73,296.37,NA,NA,NA,26,NA,NA,Y
1,2,NA,PEVI-ACAM,MIXED,PA,PEVI,ACAM,TYPHA,571.94,41.73,530.21,NA,NA,NA,45,NA,NA,NA
1,2,NA,PEVI-ACAM,MIXED,PA,PEVI,ACAM,ACAM,46.3,41.73,4.57,NA,NA,NA,NA,NA,NA,NA
1,2,NA,PEVI-ACAM,MIXED,PA,PEVI,ACAM,PEVI,42.75,41.73,1.02,NA,NA,NA,NA,NA,NA,NA
1,3,NA,SALA-SPEU,MIXED,PA,SALA,SPEU,TYPHA,640.94,41.73,599.21,NA,NA,NA,53,NA,NA,NA
1,3,NA,SALA-SPEU,MIXED,PA,SALA,SPEU,SPEU,50.55,41.73,8.82,NA,NA,NA,NA,NA,NA,NA
1,3,NA,SALA-SPEU,MIXED,PA,SALA,SPEU,SALA,58.06,41.73,16.33,NA,NA,NA,NA,NA,NA,NA
1,4,NA,SYPU,MONO,MONO_B,SYPU,SYPU,TYPHA,558.06,41.73,516.33,NA,NA,NA,56,NA,NA,Y
1,4,1,SYPU,MONO,MONO_B,SYPU,SYPU,SYPU,0,NA,0,NA,NA,NA,NA,NA,NA,N
1,4,2,SYPU,MONO,MONO_B,SYPU,SYPU,SYPU,0,NA,0,NA,NA,NA,NA,NA,NA,N
1,4,3,SYPU,MONO,MONO_B,SYPU,SYPU,SYPU,0,NA,0,NA,NA,NA,NA,NA,NA,N
1,4,4,SYPU,MONO,MONO_B,SYPU,SYPU,SYPU,0,NA,0,NA,NA,NA,NA,NA,NA,N
1,4,5,SYPU,MONO,MONO_B,SYPU,SYPU,SYPU,0,NA,0,NA,NA,NA,NA,NA,NA,N
1,4,6,SYPU,MONO,MONO_B,SYPU,SYPU,SYPU,0,NA,0,NA,NA,NA,NA,NA,NA,N
1,4,7,SYPU,MONO,MONO_B,SYPU,SYPU,SYPU,0,NA,0,NA,NA,NA,NA,NA,NA,N
1,4,8,SYPU,MONO,MONO_B,SYPU,SYPU,SYPU,0,NA,0,NA,NA,NA,NA,NA,NA,N
1,4,9,SYPU,MONO,MONO_B,SYPU,SYPU,SYPU,0,NA,0,NA,NA,NA,NA,NA,NA,N
1,4,10,SYPU,MONO,MONO_B,SYPU,SYPU,SYPU,0,NA,0,NA,NA,NA,NA,NA,NA,N
1,5,1,SALA,MONO,MONO_A,SALA,SALA,SALA,11.87,5.43,6.44,71,32,1,3,16,4,Y
1,5,2,SALA,MONO,MONO_A,SALA,SALA,SALA,9.25,5.43,3.82,51,18,2,4,13,1,Y
1,5,3,SALA,MONO,MONO_A,SALA,SALA,SALA,26.03,5.43,20.6,62,76,8,11,42,11,Y
1,5,4,SALA,MONO,MONO_A,SALA,SALA,SALA,15.58,5.43,10.15,64,NA,NA,2,10,4,Y
1,5,5,SALA,MONO,MONO_A,SALA,SALA,SALA,21.09,5.43,15.66,68,50,7,9,42,6,Y
1,5,6,SALA,MONO,MONO_A,SALA,SALA,SALA,11.05,5.43,5.62,60,85,4,7,34,3,Y
1,5,7,SALA,MONO,MONO_A,SALA,SALA,SALA,8.53,5.43,3.1,67,NA,NA,2,5,1,Y
1,5,8,SALA,MONO,MONO_A,SALA,SALA,SALA,29.27,5.43,23.84,88,24,2,5,25,5,Y
1,5,9,SALA,MONO,MONO_A,SALA,SALA,SALA,17.71,5.43,12.28,77,40,5,7,19,7,Y
1,5,10,SALA,MONO,MONO_A,SALA,SALA,SALA,24.88,5.43,19.45,80,81,7,9,37,7,Y
1,5,NA,SALA,MONO,MONO_A,SALA,SALA,TYPHA,414.04,41.73,372.31,NA,NA,NA,36,NA,NA,Y
1,6,NA,TYPHA,CONTROL,CONTROL,TYPHA,TYPHA,TYPHA,302.08,41.73,260.35,NA,NA,NA,45,NA,NA,Y
1,7,1,SPEU,MONO,MONO_A,SPEU,SPEU,SPEU,7.17,5.43,1.74,80,8,1,2,8,0,Y
1,7,2,SPEU,MONO,MONO_A,SPEU,SPEU,SPEU,13.04,5.43,7.61,73.5,5,1,1,5,0,Y
1,7,3,SPEU,MONO,MONO_A,SPEU,SPEU,SPEU,8.04,5.43,2.61,74,30,2,3,13,1,Y
1,7,4,SPEU,MONO,MONO_A,SPEU,SPEU,SPEU,5.93,5.43,0.5,67,7,1,2,6,0,Y
1,7,5,SPEU,MONO,MONO_A,SPEU,SPEU,SPEU,10.21,5.43,4.78,76.5,8,1,2,9,0,Y
1,7,6,SPEU,MONO,MONO_A,SPEU,SPEU,SPEU,6.55,5.43,1.12,33.5,5,1,2,5,0,Y
1,7,7,SPEU,MONO,MONO_A,SPEU,SPEU,SPEU,7.11,5.43,0,NA,NA,NA,NA,NA,NA,N
1,7,8,SPEU,MONO,MONO_A,SPEU,SPEU,SPEU,5.58,5.43,0,NA,NA,NA,NA,NA,NA,N
1,7,9,SPEU,MONO,MONO_A,SPEU,SPEU,SPEU,6.31,5.43,0.88,34,NA,NA,1,4,NA,Y
1,7,10,SPEU,MONO,MONO_A,SPEU,SPEU,SPEU,5.58,5.43,0.15,18,NA,NA,1,3,NA,Y
1,7,NA,SPEU,MONO,MONO_A,SPEU,SPEU,TYPHA,325.9,41.73,284.17,NA,NA,NA,33,NA,NA,Y
1,8,NA,SALA-ACAM,MIXED,NPA,SALA,ACAM,TYPHA,248.59,41.73,206.86,NA,NA,NA,32,NA,NA,NA
1,8,NA,SALA-ACAM,MIXED,NPA,SALA,ACAM,SALA,79.34,41.73,37.61,NA,NA,NA,NA,NA,NA,NA
1,8,NA,SALA-ACAM,MIXED,NPA,SALA,ACAM,ACAM,55.24,41.73,13.51,NA,NA,NA,NA,NA,NA,NA
1,9,1,SCCY,MONO,MONO_A,SCCY,SCCY,SCCY,23.65,5.43,18.22,77,33,13.5,1,NA,NA,Y
1,9,2,SCCY,MONO,MONO_A,SCCY,SCCY,SCCY,22.18,5.43,16.75,76,35,9,1,NA,NA,Y
1,9,3,SCCY,MONO,MONO_A,SCCY,SCCY,SCCY,26.31,5.43,20.88,91,30,15.5,1,NA,NA,Y
1,9,4,SCCY,MONO,MONO_A,SCCY,SCCY,SCCY,30.9,5.43,25.47,90,37,20,1,NA,NA,Y
1,9,5,SCCY,MONO,MONO_A,SCCY,SCCY,SCCY,23.53,5.43,18.1,85,23,13,1,NA,NA,Y
1,9,6,SCCY,MONO,MONO_A,SCCY,SCCY,SCCY,18.49,5.43,13.06,81,26,11,1,NA,NA,Y
1,9,7,SCCY,MONO,MONO_A,SCCY,SCCY,SCCY,24.11,5.43,18.68,90,30,17,1,NA,NA,Y
1,9,8,SCCY,MONO,MONO_A,SCCY,SCCY,SCCY,21.13,5.43,15.7,86.5,26,14.5,1,NA,NA,Y
1,9,9,SCCY,MONO,MONO_A,SCCY,SCCY,SCCY,42.67,5.43,37.24,81,25,21,1,NA,NA,Y
1,9,10,SCCY,MONO,MONO_A,SCCY,SCCY,SCCY,21.95,5.43,16.52,73,21,12.5,1,NA,NA,Y
1,9,NA,SCCY,MONO,MONO_A,SCCY,SCCY,TYPHA,360.67,41.73,318.94,NA,NA,NA,23,NA,NA,Y
1,10,NA,SCCY-JUEF,MIXED,PA,SCCY,JUEF,TYPHA,564.51,41.73,522.78,NA,NA,NA,29,NA,NA,NA
1,10,NA,SCCY-JUEF,MIXED,PA,SCCY,JUEF,JUEF,97.24,41.73,55.51,NA,NA,NA,NA,NA,NA,NA
1,10,NA,SCCY-JUEF,MIXED,PA,SCCY,JUEF,SCCY,183.51,41.73,141.78,NA,NA,NA,NA,NA,NA,NA
1,11,NA,SALA-SPEU,MIXED,PA,SALA,SPEU,SPEU,46.05,41.73,4.32,NA,NA,NA,NA,NA,NA,NA
1,11,NA,SALA-SPEU,MIXED,PA,SALA,SPEU,SALA,51.24,41.73,9.51,NA,NA,NA,NA,NA,NA,NA
1,11,NA,SALA-SPEU,MIXED,PA,SALA,SPEU,TYPHA,400.83,41.73,359.1,NA,NA,NA,47,NA,NA,NA
1,12,NA,SPEU-JUEF,MIXED,NPA,SPEU,JUEF,TYPHA,358.51,41.73,316.78,NA,NA,NA,37,NA,NA,NA
1,12,NA,SPEU-JUEF,MIXED,NPA,SPEU,JUEF,JUEF,114.89,41.73,73.16,NA,NA,NA,NA,NA,NA,NA
1,12,NA,SPEU-JUEF,MIXED,NPA,SPEU,JUEF,SPEU,48.77,41.73,7.04,NA,NA,NA,NA,NA,NA,NA
1,13,1,PEVI,MONO,MONO_A,PEVI,PEVI,PEVI,5.71,5.43,0.28,34,7,2.5,1,2,0,Y
1,13,2,PEVI,MONO,MONO_A,PEVI,PEVI,PEVI,5.98,5.43,0.55,42,17.5,3,1,2,0,Y
1,13,3,PEVI,MONO,MONO_A,PEVI,PEVI,PEVI,5.71,5.43,0.28,39,16,2.5,1,2,0,Y
1,13,4,PEVI,MONO,MONO_A,PEVI,PEVI,PEVI,5.78,5.43,0.35,39,9,2.5,1,2,0,Y
1,13,5,PEVI,MONO,MONO_A,PEVI,PEVI,PEVI,5.68,5.43,0.25,25,2,3,1,2,0,Y
1,13,6,PEVI,MONO,MONO_A,PEVI,PEVI,PEVI,5.71,5.43,0.28,39,14,3,1,2,0,Y
1,13,7,PEVI,MONO,MONO_A,PEVI,PEVI,PEVI,5.93,5.43,0.5,48,20,2.5,1,2,0,Y
1,13,8,PEVI,MONO,MONO_A,PEVI,PEVI,PEVI,6.03,5.43,0.6,41,19,3.5,1,5,0,Y
1,13,9,PEVI,MONO,MONO_A,PEVI,PEVI,PEVI,5.98,5.43,0.55,45,25,3,2,6,0,Y
1,13,10,PEVI,MONO,MONO_A,PEVI,PEVI,PEVI,6.67,5.43,1.24,69,10,4,1,2,0,Y
1,13,NA,PEVI,MONO,MONO_A,PEVI,PEVI,TYPHA,449.27,41.73,407.54,NA,NA,NA,44,NA,NA,Y
1,15,1,BOFL,MONO,MONO_B,BOFL,BOFL,BOFL,6.48,5.43,1.05,66,6,1,1,7,0,Y
1,15,2,BOFL,MONO,MONO_B,BOFL,BOFL,BOFL,6.92,5.43,1.49,77,NA,NA,1,6,0,Y
1,15,3,BOFL,MONO,MONO_B,BOFL,BOFL,BOFL,8.86,5.43,3.43,91,5,1,1,9,0,Y
1,15,4,BOFL,MONO,MONO_B,BOFL,BOFL,BOFL,12.81,5.43,7.38,93,14,3,4,32,0,Y
1,15,5,BOFL,MONO,MONO_B,BOFL,BOFL,BOFL,12.39,5.43,6.96,45,NA,NA,2,13,0,Y
1,15,6,BOFL,MONO,MONO_B,BOFL,BOFL,BOFL,21.78,5.43,16.35,103,9,2,5,41,0,Y
1,15,7,BOFL,MONO,MONO_B,BOFL,BOFL,BOFL,15.04,5.43,9.61,123,6.5,1,2,18,0,Y
1,15,8,BOFL,MONO,MONO_B,BOFL,BOFL,BOFL,11.88,5.43,6.45,102,14,1,3,21,0,Y
1,15,9,BOFL,MONO,MONO_B,BOFL,BOFL,BOFL,17.88,5.43,12.45,55,10,2,3,30,0,Y
1,15,10,BOFL,MONO,MONO_B,BOFL,BOFL,BOFL,18.17,5.43,12.74,131,17,2,4,31,0,Y
1,15,NA,BOFL,MONO,MONO_B,BOFL,BOFL,TYPHA,314.39,41.73,272.66,NA,NA,NA,25,NA,NA,Y
1,16,1,JUEF,MONO,MONO_A,JUEF,JUEF,JUEF,14.68,5.43,9.25,81,36,9,1,NA,0,Y
1,16,2,JUEF,MONO,MONO_A,JUEF,JUEF,JUEF,15.16,5.43,9.73,79,34,12,1,NA,0,Y
1,16,3,JUEF,MONO,MONO_A,JUEF,JUEF,JUEF,12.59,5.43,7.16,82,25,9,2,NA,0,Y
1,16,4,JUEF,MONO,MONO_A,JUEF,JUEF,JUEF,15.45,5.43,10.02,89,30,10.5,3,NA,0,Y
1,16,5,JUEF,MONO,MONO_A,JUEF,JUEF,JUEF,22.85,5.43,17.42,89,37,18,4,NA,0,Y
1,16,6,JUEF,MONO,MONO_A,JUEF,JUEF,JUEF,15.11,5.43,9.68,96,35,11,5,NA,0,Y
1,16,7,JUEF,MONO,MONO_A,JUEF,JUEF,JUEF,21.33,5.43,15.9,96,30,15,6,NA,0,Y
1,16,8,JUEF,MONO,MONO_A,JUEF,JUEF,JUEF,14.8,5.43,9.37,76,24,12,7,NA,0,Y
1,16,9,JUEF,MONO,MONO_A,JUEF,JUEF,JUEF,11.03,5.43,5.6,81,27,8.5,8,NA,0,Y
1,16,10,JUEF,MONO,MONO_A,JUEF,JUEF,JUEF,17.88,5.43,12.45,89,25,12,9,NA,0,Y
1,16,NA,JUEF,MONO,MONO_A,JUEF,JUEF,TYPHA,352.09,41.73,310.36,,NA,NA,44,NA,NA,Y
1,17,NA,SPEU-JUEF,MIXED,NPA,SPEU,JUEF,TYPHA,329.56,41.73,287.83,NA,NA,NA,28,NA,NA,NA
1,17,NA,SPEU-JUEF,MIXED,NPA,SPEU,JUEF,JUEF,98.37,41.73,56.64,NA,NA,NA,NA,NA,NA,NA
1,17,NA,SPEU-JUEF,MIXED,NPA,SPEU,JUEF,SPEU,50.83,41.73,9.1,NA,NA,NA,NA,NA,NA,NA
1,18,NA,SALA-ACAM,MIXED,NPA,SALA,ACAM,TYPHA,314.79,41.73,273.06,NA,NA,NA,35,NA,NA,NA
1,18,NA,SALA-ACAM,MIXED,NPA,SALA,ACAM,SALA,69.62,41.73,27.89,NA,NA,NA,NA,NA,NA,NA
1,18,NA,SALA-ACAM,MIXED,NPA,SALA,ACAM,ACAM,52.35,41.73,10.62,NA,NA,NA,NA,NA,NA,NA
1,19,1,SCTA,MONO,MONO_B,SCTA,SCTA,SCTA,7.05,5.43,1.62,118,NA,NA,NA,3,0,Y
1,19,2,SCTA,MONO,MONO_B,SCTA,SCTA,SCTA,7.8,5.43,2.37,83,NA,NA,NA,6,0,Y
1,19,3,SCTA,MONO,MONO_B,SCTA,SCTA,SCTA,8.33,5.43,2.9,114,NA,NA,NA,5,0,Y
1,19,4,SCTA,MONO,MONO_B,SCTA,SCTA,SCTA,10.23,5.43,4.8,120,NA,NA,NA,4,0,Y
1,19,5,SCTA,MONO,MONO_B,SCTA,SCTA,SCTA,15.07,5.43,9.64,139,8,2,10,0,0,Y
1,19,6,SCTA,MONO,MONO_B,SCTA,SCTA,SCTA,21.22,5.43,15.79,162,18,4,NA,9,0,Y
1,19,7,SCTA,MONO,MONO_B,SCTA,SCTA,SCTA,20.88,5.43,15.45,168,23,4,NA,8,3,Y
1,19,8,SCTA,MONO,MONO_B,SCTA,SCTA,SCTA,14.5,5.43,9.07,143,13,4,NA,12,0,Y
1,19,9,SCTA,MONO,MONO_B,SCTA,SCTA,SCTA,5.38,5.43,0,151,NA,NA,NA,4,0,Y
1,19,10,SCTA,MONO,MONO_B,SCTA,SCTA,SCTA,15.86,5.43,10.43,136,16,2,NA,11,0,Y
1,19,NA,SCTA,MONO,MONO_B,SCTA,SCTA,TYPHA,301.44,41.73,259.71,NA,NA,NA,25,NA,NA,Y
1,20,1,HIMO,MONO,MONO_B,HIMO,HIMO,HIMO,9.72,5.43,4.29,65,17,5,3,18,0,Y
1,20,2,HIMO,MONO,MONO_B,HIMO,HIMO,HIMO,8.61,5.43,3.18,53,28,3.5,2,16,0,Y
1,20,3,HIMO,MONO,MONO_B,HIMO,HIMO,HIMO,7.77,5.43,2.34,57,16,5,2,14,0,Y
1,20,4,HIMO,MONO,MONO_B,HIMO,HIMO,HIMO,9.8,5.43,4.37,61,26,6,3,22,0,Y
1,20,5,HIMO,MONO,MONO_B,HIMO,HIMO,HIMO,9.51,5.43,4.08,55.5,24,7,4,32,0,Y
1,20,6,HIMO,MONO,MONO_B,HIMO,HIMO,HIMO,12.52,5.43,7.09,71,20,4.5,2,24,0,Y
1,20,7,HIMO,MONO,MONO_B,HIMO,HIMO,HIMO,8.05,5.43,2.62,52,22,4,2,15,0,Y
1,20,8,HIMO,MONO,MONO_B,HIMO,HIMO,HIMO,10.45,5.43,5.02,70,21,3.5,1,11,0,Y
1,20,9,HIMO,MONO,MONO_B,HIMO,HIMO,HIMO,12.54,5.43,7.11,67,28,7,3,29,0,Y
1,20,10,HIMO,MONO,MONO_B,HIMO,HIMO,HIMO,12.45,5.43,7.02,71,25,5,2,23,0,Y
1,20,NA,HIMO,MONO,MONO_B,HIMO,HIMO,TYPHA,350.85,41.73,309.12,NA,NA,NA,34,NA,NA,Y
1,21,NA,PEVI-ACAM,MIXED,PA,PEVI,ACAM,TYPHA,342.85,41.73,301.12,NA,NA,NA,35,NA,NA,NA
1,21,NA,PEVI-ACAM,MIXED,PA,PEVI,ACAM,PEVI,42.98,41.73,1.25,NA,NA,NA,NA,NA,NA,NA
1,21,NA,PEVI-ACAM,MIXED,PA,PEVI,ACAM,SCCY,110.75,41.73,69.02,NA,NA,NA,NA,NA,NA,NA
1,22,NA,SCCY-JUEF,MIXED,PA,SCCY,JUEF,TYPHA,428.13,41.73,386.4,NA,NA,NA,60,NA,NA,NA
1,22,NA,SCCY-JUEF,MIXED,PA,SCCY,JUEF,JUEF,83.68,41.73,41.95,NA,NA,NA,NA,NA,NA,NA
1,22,NA,SCCY-JUEF,MIXED,PA,SCCY,JUEF,SCCY,115.6,41.73,73.87,NA,NA,NA,NA,NA,NA,NA
1,23,NA,PEVI-SCCY,MIXED,NPA,PEVI,SCCY,TYPHA,386.67,41.73,344.94,NA,NA,NA,52,NA,NA,NA
1,23,NA,PEVI-SCCY,MIXED,NPA,PEVI,SCCY,PEVI,44.83,41.73,3.1,NA,NA,NA,NA,NA,NA,NA
1,23,NA,PEVI-SCCY,MIXED,NPA,PEVI,SCCY,SCCY,184.44,41.73,142.71,NA,NA,NA,NA,NA,NA,NA
1,24,NA,PEVI-SCCY,MIXED,NPA,PEVI,SCCY,TYPHA,480.11,41.73,438.38,NA,NA,NA,53,NA,NA,NA
1,24,NA,PEVI-SCCY,MIXED,NPA,PEVI,SCCY,PEVI,44.26,41.73,2.53,NA,NA,NA,NA,NA,NA,NA
1,24,NA,PEVI-SCCY,MIXED,NPA,PEVI,SCCY,ACAM,48.2,41.73,6.47,NA,NA,NA,NA,NA,NA,NA
1,25,NA,TYPHA,CONTROL,CONTROL,TYPHA,TYPHA,TYPHA,454.11,41.73,412.38,NA,NA,NA,50,NA,NA,Y
2,1,1,SYPU,MONO,MONO_B,SYPU,SYPU,SYPU,0,0,0,0,0,0,0,0,0,N
2,1,2,SYPU,MONO,MONO_B,SYPU,SYPU,SYPU,0,0,0,0,0,0,0,0,0,N
2,1,3,SYPU,MONO,MONO_B,SYPU,SYPU,SYPU,0,0,0,0,0,0,0,0,0,N
2,1,4,SYPU,MONO,MONO_B,SYPU,SYPU,SYPU,0,0,0,0,0,0,0,0,0,N
2,1,5,SYPU,MONO,MONO_B,SYPU,SYPU,SYPU,0,0,0,0,0,0,0,0,0,N
2,1,6,SYPU,MONO,MONO_B,SYPU,SYPU,SYPU,0,0,0,0,0,0,0,0,0,N
2,1,7,SYPU,MONO,MONO_B,SYPU,SYPU,SYPU,0,0,0,0,0,0,0,0,0,N
2,1,8,SYPU,MONO,MONO_B,SYPU,SYPU,SYPU,0,0,0,0,0,0,0,0,0,N
2,1,9,SYPU,MONO,MONO_B,SYPU,SYPU,SYPU,0,0,0,0,0,0,0,0,0,N
2,1,10,SYPU,MONO,MONO_B,SYPU,SYPU,SYPU,0,0,0,0,0,0,0,0,0,N
2,1,NA,SYPU,MONO,MONO_B,SYPU,SYPU,TYPHA,537.3,41.73,495.57,NA,NA,NA,52,NA,NA,Y
2,2,NA,PEVI-ACAM,MIXED,PA,PEVI,ACAM,TYPHA,570.73,41.73,529,NA,NA,NA,80,NA,NA,NA
2,2,NA,PEVI-ACAM,MIXED,PA,PEVI,ACAM,PEVI,45.91,41.73,4.18,NA,NA,NA,NA,NA,NA,NA
2,2,NA,PEVI-ACAM,MIXED,PA,PEVI,ACAM,ACAM,52.15,41.73,10.42,NA,NA,NA,NA,NA,NA,NA
2,3,1,PEVI,MONO,MONO_A,PEVI,PEVI,PEVI,5.58,5.43,0.15,12,1,2.5,1,1,0,Y
2,3,2,PEVI,MONO,MONO_A,PEVI,PEVI,PEVI,5.59,5.43,0.16,34,13,3,1,2,0,Y
2,3,3,PEVI,MONO,MONO_A,PEVI,PEVI,PEVI,5.86,5.43,0.43,46,3,3,1,2,0,Y
2,3,4,PEVI,MONO,MONO_A,PEVI,PEVI,PEVI,5.64,5.43,0.21,44,10,2.5,1,2,0,Y
2,3,5,PEVI,MONO,MONO_A,PEVI,PEVI,PEVI,5.96,5.43,0.53,52,20,3,1,2,0,Y
2,3,6,PEVI,MONO,MONO_A,PEVI,PEVI,PEVI,5.69,5.43,0.26,28,27,2.5,1,2,0,Y
2,3,7,PEVI,MONO,MONO_A,PEVI,PEVI,PEVI,5.77,5.43,0.34,34,29.5,3,1,2,0,Y
2,3,8,PEVI,MONO,MONO_A,PEVI,PEVI,PEVI,5.67,5.43,0.24,35,9,3,1,2,0,Y
2,3,9,PEVI,MONO,MONO_A,PEVI,PEVI,PEVI,5.72,5.43,0.29,25,2,2.5,1,2,0,Y
2,3,10,PEVI,MONO,MONO_A,PEVI,PEVI,PEVI,5.85,5.43,0.42,43,3.5,3,1,2,0,Y
2,3,NA,PEVI,MONO,MONO_A,PEVI,PEVI,TYPHA,488.73,41.73,447,NA,NA,NA,81,NA,NA,Y
2,4,1,ACAM,MONO,MONO_A,ACAM,ACAM,ACAM,6.42,5.43,0.99,66.5,22,4.5,1,5,0,Y
2,4,2,ACAM,MONO,MONO_A,ACAM,ACAM,ACAM,6.55,5.43,1.12,59,12,5.5,3,11,0,Y
2,4,3,ACAM,MONO,MONO_A,ACAM,ACAM,ACAM,6.3,5.43,0.87,57,18,4.5,1,6,0,Y
2,4,4,ACAM,MONO,MONO_A,ACAM,ACAM,ACAM,7.53,5.43,2.1,47,18,4.5,2,10,0,Y
2,4,5,ACAM,MONO,MONO_A,ACAM,ACAM,ACAM,6.25,5.43,0.82,65,22,5.5,1,7,0,Y
2,4,6,ACAM,MONO,MONO_A,ACAM,ACAM,ACAM,6.31,5.43,0.88,58,39,4.5,1,6,0,Y
2,4,7,ACAM,MONO,MONO_A,ACAM,ACAM,ACAM,6.31,5.43,0.88,66,17,45,1,5,0,Y
2,4,8,ACAM,MONO,MONO_A,ACAM,ACAM,ACAM,7.14,5.43,1.71,74,38,9.5,3,11,0,Y
2,4,9,ACAM,MONO,MONO_A,ACAM,ACAM,ACAM,7.01,5.43,1.58,67,49,5.5,1,7,0,Y
2,4,10,ACAM,MONO,MONO_A,ACAM,ACAM,ACAM,6.76,5.43,1.33,58,25,5,1,6,0,Y
2,4,NA,ACAM,MONO,MONO_A,ACAM,ACAM,TYPHA,593,41.73,551.27,NA,NA,NA,109,NA,NA,Y
2,6,NA,SALA-SPEU,MIXED,PA,SALA,SPEU,TYPHA,466.22,41.73,424.49,NA,NA,NA,41,NA,NA,NA
2,6,NA,SALA-SPEU,MIXED,PA,SALA,SPEU,SALA,82.82,41.73,41.09,NA,NA,NA,NA,NA,NA,NA
2,6,NA,SALA-SPEU,MIXED,PA,SALA,SPEU,SPEU,87.56,41.73,45.83,NA,NA,NA,NA,NA,NA,NA
2,7,1,SALA,MONO,MONO_A,SALA,SALA,SALA,8.08,5.43,2.65,50,13,3,5,20,1,Y
2,7,2,SALA,MONO,MONO_A,SALA,SALA,SALA,11.97,5.43,6.54,59,20,1,4,22,3,Y
2,7,3,SALA,MONO,MONO_A,SALA,SALA,SALA,8.6,5.43,3.17,42,NA,0,4,13,1,Y
2,7,4,SALA,MONO,MONO_A,SALA,SALA,SALA,10.09,5.43,4.66,60,NA,0,1,7,1,Y
2,7,5,SALA,MONO,MONO_A,SALA,SALA,SALA,8.03,5.43,2.6,63,7,1,3,10,0,Y
2,7,6,SALA,MONO,MONO_A,SALA,SALA,SALA,6.43,5.43,1,49,NA,0,1,6,0,Y
2,7,7,SALA,MONO,MONO_A,SALA,SALA,SALA,8.66,5.43,3.23,52,7,1,2,5,1,Y
2,7,8,SALA,MONO,MONO_A,SALA,SALA,SALA,10.43,5.43,5,66,54,1,2,8,1,Y
2,7,9,SALA,MONO,MONO_A,SALA,SALA,SALA,9.75,5.43,4.32,68,NA,0,2,15,1,Y
2,7,10,SALA,MONO,MONO_A,SALA,SALA,SALA,7.38,5.43,1.95,57,NA,0,3,14,1,Y
2,7,NA,SALA,MONO,MONO_A,SALA,SALA,TYPHA,384.92,41.73,343.19,NA,NA,NA,43,NA,NA,Y
2,8,NA,PEVI-SCCY,MIXED,NPA,PEVI,SCCY,TYPHA,340.21,41.73,298.48,NA,NA,NA,56,NA,NA,NA
2,8,NA,PEVI-SCCY,MIXED,NPA,PEVI,SCCY,PEVI,42.73,41.73,1,NA,NA,NA,NA,NA,NA,NA
2,8,NA,PEVI-SCCY,MIXED,NPA,PEVI,SCCY,SCCY,169.6,41.73,127.87,NA,NA,NA,NA,NA,NA,NA
2,9,NA,SCCY-JUEF,MIXED,PA,SCCY,JUEF,TYPHA,279.8,41.73,238.07,NA,NA,NA,61,NA,NA,NA
2,9,NA,SCCY-JUEF,MIXED,PA,SCCY,JUEF,JUEF,109.92,41.73,68.19,NA,NA,NA,NA,NA,NA,NA
2,9,NA,SCCY-JUEF,MIXED,PA,SCCY,JUEF,SCCY,121.07,41.73,79.34,NA,NA,NA,NA,NA,NA,NA
2,10,NA,SALA-ACAM,MIXED,NPA,SALA,ACAM,TYPHA,349.84,41.73,308.11,NA,NA,NA,79,NA,NA,NA
2,10,NA,SALA-ACAM,MIXED,NPA,SALA,ACAM,SALA,43.09,41.73,1.36,NA,NA,NA,NA,NA,NA,NA
2,10,NA,SALA-ACAM,MIXED,NPA,SALA,ACAM,ACAM,47.81,41.73,6.08,NA,NA,NA,NA,NA,NA,NA
2,11,1,SCTA,MONO,MONO_B,SCTA,SCTA,SCTA,18.42,5.43,12.99,154,21,5,NA,14,3,Y
2,11,2,SCTA,MONO,MONO_B,SCTA,SCTA,SCTA,6.99,5.43,1.56,117,NA,0,NA,5,0,Y
2,11,3,SCTA,MONO,MONO_B,SCTA,SCTA,SCTA,9.03,5.43,3.6,120,NA,0,NA,8,0,Y
2,11,4,SCTA,MONO,MONO_B,SCTA,SCTA,SCTA,11.16,5.43,5.73,142,27,4,NA,7,0,Y
2,11,5,SCTA,MONO,MONO_B,SCTA,SCTA,SCTA,6.64,5.43,1.21,108,6,1,NA,4,0,Y
2,11,6,SCTA,MONO,MONO_B,SCTA,SCTA,SCTA,14.75,5.43,9.32,139,18,5,NA,14,0,Y
2,11,7,SCTA,MONO,MONO_B,SCTA,SCTA,SCTA,18.98,5.43,13.55,134,8,2,NA,10,0,Y
2,11,8,SCTA,MONO,MONO_B,SCTA,SCTA,SCTA,6.68,5.43,1.25,120,NA,0,NA,5,0,Y
2,11,9,SCTA,MONO,MONO_B,SCTA,SCTA,SCTA,20.77,5.43,15.34,132,7,4,NA,13,0,Y
2,11,10,SCTA,MONO,MONO_B,SCTA,SCTA,SCTA,14.88,5.43,9.45,140,9,2,NA,4,0,Y
2,11,NA,SCTA,MONO,MONO_B,SCTA,SCTA,TYPHA,385.5,41.73,343.77,NA,NA,NA,35,NA,NA,Y
2,12,NA,SALA-ACAM,MIXED,NPA,SALA,ACAM,TYPHA,356.1,41.73,314.37,NA,NA,NA,53,NA,NA,NA
2,12,NA,SALA-ACAM,MIXED,NPA,SALA,ACAM,SALA,56.34,41.73,14.61,NA,NA,NA,NA,NA,NA,NA
2,12,NA,SALA-ACAM,MIXED,NPA,SALA,ACAM,ACAM,48.35,41.73,6.62,NA,NA,NA,NA,NA,NA,NA
2,13,NA,SALA-SPEU,MIXED,PA,SALA,SPEU,TYPHA,374.88,41.73,333.15,NA,NA,NA,68,NA,NA,NA
2,13,NA,SALA-SPEU,MIXED,PA,SALA,SPEU,SALA,55.27,41.73,13.54,NA,NA,NA,NA,NA,NA,NA
2,13,NA,SALA-SPEU,MIXED,PA,SALA,SPEU,SPEU,55.56,41.73,13.83,NA,NA,NA,NA,NA,NA,NA
2,14,1,BOFL,MONO,MONO_B,BOFL,BOFL,BOFL,6.8,5.43,1.37,26,NA,0,1,6,0,Y
2,14,2,BOFL,MONO,MONO_B,BOFL,BOFL,BOFL,7.64,5.43,2.21,89,7.5,1,2,10,0,Y
2,14,3,BOFL,MONO,MONO_B,BOFL,BOFL,BOFL,9.88,5.43,4.45,104,9,2,3,13,0,Y
2,14,4,BOFL,MONO,MONO_B,BOFL,BOFL,BOFL,6.66,5.43,1.23,69,10,1,2,11,0,Y
2,14,5,BOFL,MONO,MONO_B,BOFL,BOFL,BOFL,9.63,5.43,4.2,76,6,NA,4,21,0,Y
2,14,6,BOFL,MONO,MONO_B,BOFL,BOFL,BOFL,13.27,5.43,7.84,87,13,4,7,33,0,Y
2,14,7,BOFL,MONO,MONO_B,BOFL,BOFL,BOFL,17.88,5.43,12.45,96,9,6,5,29,0,Y
2,14,8,BOFL,MONO,MONO_B,BOFL,BOFL,BOFL,9.04,5.43,3.61,95,5,1,4,22,0,Y
2,14,9,BOFL,MONO,MONO_B,BOFL,BOFL,BOFL,7.22,5.43,1.79,61,NA,0,2,11,0,Y
2,14,10,BOFL,MONO,MONO_B,BOFL,BOFL,BOFL,0,0,0,NA,NA,NA,NA,NA,NA,N
2,14,NA,BOFL,MONO,MONO_B,BOFL,BOFL,TYPHA,304.61,41.73,262.88,NA,NA,NA,69,NA,NA,Y
2,15,NA,TYPHA,CONTROL,CONTROL,TYPHA,TYPHA,TYPHA,322.24,41.73,280.51,NA,NA,NA,65,NA,NA,Y
2,16,NA,SPEU-JUEF,MIXED,NPA,SPEU,JUEF,TYPHA,338.24,41.73,296.51,NA,NA,NA,40,NA,NA,NA
2,16,NA,SPEU-JUEF,MIXED,NPA,SPEU,JUEF,JUEF,116.97,41.73,75.24,NA,NA,NA,NA,NA,NA,NA
2,16,NA,SPEU-JUEF,MIXED,NPA,SPEU,JUEF,SPEU,67.65,41.73,25.92,NA,NA,NA,NA,NA,NA,NA
2,17,NA,PEVI-SCCY,MIXED,NPA,PEVI,SCCY,TYPHA,488.85,41.73,447.12,NA,NA,NA,83,NA,NA,NA
2,17,NA,PEVI-SCCY,MIXED,NPA,PEVI,SCCY,PEVI,42.47,41.73,0.74,NA,NA,NA,NA,NA,NA,NA
2,17,NA,PEVI-SCCY,MIXED,NPA,PEVI,SCCY,SCCY,145.23,41.73,103.5,NA,NA,NA,NA,NA,NA,NA
2,18,NA,PEVI-ACAM,MIXED,PA,PEVI,ACAM,TYPHA,480.82,41.73,439.09,NA,NA,NA,91,NA,NA,NA
2,18,NA,PEVI-ACAM,MIXED,PA,PEVI,ACAM,PEVI,42.3,41.73,0.57,NA,NA,NA,NA,NA,NA,NA
2,18,NA,PEVI-ACAM,MIXED,PA,PEVI,ACAM,ACAM,47.42,41.73,5.69,NA,NA,NA,NA,NA,NA,NA
2,19,NA,SPEU-JUEF,MIXED,NPA,SPEU,JUEF,TYPHA,390.32,41.73,348.59,NA,NA,NA,49,NA,NA,NA
2,19,NA,SPEU-JUEF,MIXED,NPA,SPEU,JUEF,JUEF,59.63,41.73,17.9,NA,NA,NA,NA,NA,NA,NA
2,19,NA,SPEU-JUEF,MIXED,NPA,SPEU,JUEF,SPEU,103.1,41.73,61.37,NA,NA,NA,NA,NA,NA,NA
2,20,NA,TYPHA,CONTROL,CONTROL,TYPHA,TYPHA,TYPHA,342.69,41.73,300.96,NA,NA,NA,53,NA,NA,Y
2,21,1,SCCY,MONO,MONO_A,SCCY,SCCY,SCCY,36.16,5.43,30.73,79,46,21,80,NA,0,Y
2,21,2,SCCY,MONO,MONO_A,SCCY,SCCY,SCCY,31.71,5.43,26.28,90,41,20,NA,NA,0,Y
2,21,3,SCCY,MONO,MONO_A,SCCY,SCCY,SCCY,30.31,5.43,24.88,79,38,19,NA,NA,0,Y
2,21,4,SCCY,MONO,MONO_A,SCCY,SCCY,SCCY,35.82,5.43,30.39,99,39,21,NA,NA,0,Y
2,21,5,SCCY,MONO,MONO_A,SCCY,SCCY,SCCY,35.25,5.43,29.82,83,35,21,NA,NA,0,Y
2,21,6,SCCY,MONO,MONO_A,SCCY,SCCY,SCCY,47.16,5.43,41.73,83,39,25,NA,NA,0,Y
2,21,7,SCCY,MONO,MONO_A,SCCY,SCCY,SCCY,32.46,5.43,27.03,75,40,19,NA,NA,0,Y
2,21,8,SCCY,MONO,MONO_A,SCCY,SCCY,SCCY,30.53,5.43,25.1,77,38,20,NA,NA,0,Y
2,21,9,SCCY,MONO,MONO_A,SCCY,SCCY,SCCY,38.84,5.43,33.41,86,39,23,NA,NA,0,Y
2,21,10,SCCY,MONO,MONO_A,SCCY,SCCY,SCCY,43.92,5.43,38.49,92,36,23,NA,NA,0,Y
2,21,NA,SCCY,MONO,MONO_A,SCCY,SCCY,TYPHA,184.16,41.73,142.43,NA,NA,NA,24,NA,NA,Y
2,22,1,HIMO,MONO,MONO_B,HIMO,HIMO,HIMO,9.38,5.43,3.95,62,16,4,2,18,0,Y
2,22,2,HIMO,MONO,MONO_B,HIMO,HIMO,HIMO,6.66,5.43,1.23,40,15,3,2,13,0,Y
2,22,3,HIMO,MONO,MONO_B,HIMO,HIMO,HIMO,10.13,5.43,4.7,68,16,4,2,18,0,Y
2,22,4,HIMO,MONO,MONO_B,HIMO,HIMO,HIMO,9.63,5.43,4.2,60,28,6,2,18,0,Y
2,22,5,HIMO,MONO,MONO_B,HIMO,HIMO,HIMO,8.97,5.43,3.54,69,13,4,2,16,0,Y
2,22,6,HIMO,MONO,MONO_B,HIMO,HIMO,HIMO,11.49,5.43,6.06,64,14,6.3,4,33,0,Y
2,22,7,HIMO,MONO,MONO_B,HIMO,HIMO,HIMO,12.08,5.43,6.65,70,18,5.5,2,22,0,Y
2,22,8,HIMO,MONO,MONO_B,HIMO,HIMO,HIMO,8.09,5.43,2.66,55,16,5,2,16,0,Y
2,22,9,HIMO,MONO,MONO_B,HIMO,HIMO,HIMO,12.04,5.43,6.61,68,18,7,3,28,0,Y
2,22,10,HIMO,MONO,MONO_B,HIMO,HIMO,HIMO,9.89,5.43,4.46,67,18,5,2,17,0,Y
2,22,NA,HIMO,MONO,MONO_B,HIMO,HIMO,TYPHA,368.56,41.73,326.83,NA,NA,NA,65,NA,NA,Y
2,23,1,JUEF,MONO,MONO_A,JUEF,JUEF,JUEF,29.63,5.43,24.2,90,27,18,1,NA,0,Y
2,23,2,JUEF,MONO,MONO_A,JUEF,JUEF,JUEF,17.39,5.43,11.96,87,24,12,1,NA,0,Y
2,23,3,JUEF,MONO,MONO_A,JUEF,JUEF,JUEF,19.53,5.43,14.1,86,27,13,1,NA,0,Y
2,23,4,JUEF,MONO,MONO_A,JUEF,JUEF,JUEF,17.99,5.43,12.56,82,36,14,1,NA,0,Y
2,23,5,JUEF,MONO,MONO_A,JUEF,JUEF,JUEF,16.67,5.43,11.24,81,30,12,1,NA,0,Y
2,23,6,JUEF,MONO,MONO_A,JUEF,JUEF,JUEF,20.77,5.43,15.34,85,29,12,1,NA,0,Y
2,23,7,JUEF,MONO,MONO_A,JUEF,JUEF,JUEF,11.47,5.43,6.04,88,30,7,1,NA,0,Y
2,23,8,JUEF,MONO,MONO_A,JUEF,JUEF,JUEF,12.84,5.43,7.41,84,37,11,1,NA,0,Y
2,23,9,JUEF,MONO,MONO_A,JUEF,JUEF,JUEF,21.28,5.43,15.85,101,25,15,1,NA,0,Y
2,23,10,JUEF,MONO,MONO_A,JUEF,JUEF,JUEF,14.42,5.43,8.99,85,20,10,1,NA,0,Y
2,23,NA,JUEF,MONO,MONO_A,JUEF,JUEF,TYPHA,331.98,41.73,290.25,NA,NA,NA,59,NA,NA,Y
2,24,1,SPEU,MONO,MONO_A,SPEU,SPEU,SPEU,6.21,5.43,0.78,55,NA,0,1,2,0,Y
2,24,2,SPEU,MONO,MONO_A,SPEU,SPEU,SPEU,6.53,5.43,1.1,54,10,1,3,7,0,Y
2,24,3,SPEU,MONO,MONO_A,SPEU,SPEU,SPEU,0,0,0,NA,NA,NA,NA,NA,NA,N
2,24,4,SPEU,MONO,MONO_A,SPEU,SPEU,SPEU,9.11,5.43,3.68,80,12,2,2,7,0,Y
2,24,5,SPEU,MONO,MONO_A,SPEU,SPEU,SPEU,0,0,0,NA,NA,NA,NA,NA,NA,N
2,24,6,SPEU,MONO,MONO_A,SPEU,SPEU,SPEU,6.31,5.43,0.88,5,NA,0,1,1,0,Y
2,24,7,SPEU,MONO,MONO_A,SPEU,SPEU,SPEU,0,0,0,NA,NA,NA,NA,NA,NA,N
2,24,8,SPEU,MONO,MONO_A,SPEU,SPEU,SPEU,6.12,5.43,0.69,52,7,1,1,2,0,Y
2,24,9,SPEU,MONO,MONO_A,SPEU,SPEU,SPEU,9.36,5.43,3.93,69,10,2,2,7,0,Y
2,24,10,SPEU,MONO,MONO_A,SPEU,SPEU,SPEU,9.46,5.43,4.03,75,11,3,5,12,0,Y
2,24,NA,SPEU,MONO,MONO_A,SPEU,SPEU,TYPHA,266.13,41.73,224.4,NA,NA,NA,55,NA,NA,Y
2,25,NA,SCCY-JUEF,MIXED,PA,SCCY,JUEF,TYPHA,250.65,41.73,208.92,NA,NA,NA,41,NA,NA,NA
2,25,NA,SCCY-JUEF,MIXED,PA,SCCY,JUEF,JUEF,92.1,41.73,50.37,NA,NA,NA,NA,NA,NA,NA
2,25,NA,SCCY-JUEF,MIXED,PA,SCCY,JUEF,SCCY,107.78,41.73,66.05,NA,NA,NA,NA,NA,NA,NA
3,1,NA,SALA-ACAM,MIXED,NPA,SALA,ACAM,TYPHA,202.5,41.73,160.77,NA,NA,NA,32,NA,NA,NA
3,1,NA,SALA-ACAM,MIXED,NPA,SALA,ACAM,SALA,72.53,41.73,30.8,NA,NA,NA,NA,NA,NA,NA
3,1,NA,SALA-ACAM,MIXED,NPA,SALA,ACAM,ACAM,49.62,41.73,7.89,NA,NA,NA,NA,NA,NA,NA
3,2,NA,PEVI-ACAM,MIXED,PA,PEVI,ACAM,TYPHA,210.74,41.73,169.01,NA,NA,NA,41,NA,NA,NA
3,2,NA,PEVI-ACAM,MIXED,PA,PEVI,ACAM,ACAM,50.35,41.73,8.62,NA,NA,NA,NA,NA,NA,NA
3,2,NA,PEVI-ACAM,MIXED,PA,PEVI,ACAM,PEVI,43.23,41.73,1.5,NA,NA,NA,NA,NA,NA,NA
3,4,NA,PEVI-SCCY,MIXED,NPA,PEVI,SCCY,TYPHA,311.29,41.73,269.56,NA,NA,NA,56,NA,NA,NA
3,4,NA,PEVI-SCCY,MIXED,NPA,PEVI,SCCY,PEVI,43.61,41.73,1.88,NA,NA,NA,NA,NA,NA,NA
3,4,NA,PEVI-SCCY,MIXED,NPA,PEVI,SCCY,SCCY,188.88,41.73,147.15,NA,NA,NA,NA,NA,NA,NA
3,5,1,SPEU,MONO,MONO_A,SPEU,SPEU,SPEU,13.36,5.43,7.93,78,7,2,5,24,0,Y
3,5,2,SPEU,MONO,MONO_A,SPEU,SPEU,SPEU,9.56,5.43,4.13,92,10,1,1,6,0,Y
3,5,3,SPEU,MONO,MONO_A,SPEU,SPEU,SPEU,7.88,5.43,2.45,78,NA,0,1,4,0,Y
3,5,4,SPEU,MONO,MONO_A,SPEU,SPEU,SPEU,0,0,0,NA,NA,NA,NA,NA,NA,N
3,5,5,SPEU,MONO,MONO_A,SPEU,SPEU,SPEU,10.8,5.43,5.37,92,7,2,5,16,0,Y
3,5,6,SPEU,MONO,MONO_A,SPEU,SPEU,SPEU,8.37,5.43,2.94,80,9,2,2,7,0,Y
3,5,7,SPEU,MONO,MONO_A,SPEU,SPEU,SPEU,5.55,5.43,0.12,71,10,1,1,3,0,Y
3,5,8,SPEU,MONO,MONO_A,SPEU,SPEU,SPEU,12.16,5.43,6.73,85,20,3,4,15,0,Y
3,5,9,SPEU,MONO,MONO_A,SPEU,SPEU,SPEU,6.81,5.43,1.38,42,NA,0,1,3,0,Y
3,5,10,SPEU,MONO,MONO_A,SPEU,SPEU,SPEU,0,0,0,NA,NA,NA,NA,NA,NA,N
3,5,NA,SPEU,MONO,MONO_A,SPEU,SPEU,TYPHA,247.58,41.73,205.85,NA,NA,NA,38,NA,NA,Y
3,6,NA,TYPHA,CONTROL,CONTROL,TYPH,TYPHA,TYPHA,227.1,41.73,185.37,NA,NA,NA,37,NA,NA,Y
3,7,1,PEVI,MONO,MONO_A,PEVI,PEVI,PEVI,5.78,5.43,0.35,40,17,3,1,2,0,Y
3,7,2,PEVI,MONO,MONO_A,PEVI,PEVI,PEVI,5.89,5.43,0.46,41,10,3.5,1,1,0,Y
3,7,3,PEVI,MONO,MONO_A,PEVI,PEVI,PEVI,5.62,5.43,0.19,34,14,2.5,1,2,0,Y
3,7,4,PEVI,MONO,MONO_A,PEVI,PEVI,PEVI,5.96,5.43,0.53,42,25,3,1,3,0,Y
3,7,5,PEVI,MONO,MONO_A,PEVI,PEVI,PEVI,5.51,5.43,0.08,33,10,2.5,1,1,0,Y
3,7,6,PEVI,MONO,MONO_A,PEVI,PEVI,PEVI,5.57,5.43,0.14,24,24,2.5,1,1,0,Y
3,7,7,PEVI,MONO,MONO_A,PEVI,PEVI,PEVI,5.91,5.43,0.48,41,29,3,1,2,0,Y
3,7,8,PEVI,MONO,MONO_A,PEVI,PEVI,PEVI,5.56,5.43,0.13,27,2.5,2.5,1,1,0,Y
3,7,9,PEVI,MONO,MONO_A,PEVI,PEVI,PEVI,6.57,5.43,1.14,45,20,5.5,2,5,0,Y
3,7,10,PEVI,MONO,MONO_A,PEVI,PEVI,PEVI,5.97,5.43,0.54,31,25,3.5,1,2,0,Y
3,7,NA,PEVI,MONO,MONO_A,PEVI,PEVI,TYPHA,342.08,41.73,300.35,NA,NA,NA,52,NA,NA,Y
3,8,NA,SCCY-JUEF,MIXED,PA,SCCY,JUEF,TYPHA,382.56,41.73,340.83,NA,NA,NA,60,NA,NA,NA
3,8,NA,SCCY-JUEF,MIXED,PA,SCCY,JUEF,SCCY,134.19,41.73,92.46,NA,NA,NA,NA,NA,NA,NA
3,8,NA,SCCY-JUEF,MIXED,PA,SCCY,JUEF,JUEF,119,41.73,77.27,NA,NA,NA,NA,NA,NA,NA
3,9,NA,PEVI-SCCY,MIXED,NPA,PEVI,SCCY,TYPHA,302.89,41.73,261.16,NA,NA,NA,46,NA,NA,NA
3,9,NA,PEVI-SCCY,MIXED,NPA,PEVI,SCCY,PEVI,43.2,41.73,1.47,NA,NA,NA,NA,NA,NA,NA
3,9,NA,PEVI-SCCY,MIXED,NPA,PEVI,SCCY,SCCY,155.36,41.73,113.63,NA,NA,NA,NA,NA,NA,NA
3,10,NA,SPEU-JUEF,MIXED,NPA,SPEU,JUEF,TYPHA,280.54,41.73,238.81,NA,NA,NA,40,NA,NA,NA
3,10,NA,SPEU-JUEF,MIXED,NPA,SPEU,JUEF,SPEU,65.34,41.73,23.61,NA,NA,NA,NA,NA,NA,NA
3,10,NA,SPEU-JUEF,MIXED,NPA,SPEU,JUEF,JUEF,158.87,41.73,117.14,NA,NA,NA,NA,NA,NA,NA
3,11,NA,SCCY-JUEF,MIXED,PA,SCCY,JUEF,TYPHA,438.13,41.73,396.4,NA,NA,NA,51,NA,NA,NA
3,11,NA,SCCY-JUEF,MIXED,PA,SCCY,JUEF,JUEF,93.18,41.73,51.45,NA,NA,NA,NA,NA,NA,NA
3,11,NA,SCCY-JUEF,MIXED,PA,SCCY,JUEF,SCCY,122.88,41.73,81.15,NA,NA,NA,NA,NA,NA,NA
3,12,1,BOFL,MONO,MONO_B,BOFL,BOFL,BOFL,6.93,5.43,1.5,Y,77,NA,0,2,5,Y
3,12,2,BOFL,MONO,MONO_B,BOFL,BOFL,BOFL,8.48,5.43,3.05,Y,90,NA,0,2,6,Y
3,12,3,BOFL,MONO,MONO_B,BOFL,BOFL,BOFL,7.72,5.43,2.29,Y,74,NA,0,2,11,Y
3,12,4,BOFL,MONO,MONO_B,BOFL,BOFL,BOFL,8.08,5.43,2.65,Y,85,NA,0,2,11,Y
3,12,5,BOFL,MONO,MONO_B,BOFL,BOFL,BOFL,6.63,5.43,1.2,Y,55,NA,0,1,4,Y
3,12,6,BOFL,MONO,MONO_B,BOFL,BOFL,BOFL,9.28,5.43,3.85,Y,70,9,2,3,18,Y
3,12,7,BOFL,MONO,MONO_B,BOFL,BOFL,BOFL,7.47,5.43,2.04,Y,82,NA,0,1,9,Y
3,12,8,BOFL,MONO,MONO_B,BOFL,BOFL,BOFL,6.19,5.43,0.76,Y,55,NA,0,1,5,Y
3,12,9,BOFL,MONO,MONO_B,BOFL,BOFL,BOFL,6.56,5.43,0,N,NA,NA,NA,NA,NA,N
3,12,10,BOFL,MONO,MONO_B,BOFL,BOFL,BOFL,7.47,5.43,2.04,Y,69,NA,0,2,6,Y
3,12,NA,BOFL,MONO,MONO_B,BOFL,BOFL,TYPHA,450.45,41.73,408.72,NA,NA,NA,52,NA,NA,Y
3,13,NA,SPEU-JUEF,MIXED,NPA,SPEU,JUEF,TYPHA,562.63,41.73,520.9,NA,NA,NA,75,NA,NA,NA
3,13,NA,SPEU-JUEF,MIXED,NPA,SPEU,JUEF,SPEU,47.84,41.73,6.11,NA,NA,NA,NA,NA,NA,NA
3,13,NA,SPEU-JUEF,MIXED,NPA,SPEU,JUEF,JUEF,86,41.73,44.27,NA,NA,NA,NA,NA,NA,NA
3,14,NA,SALA-SPEU,MIXED,PA,SALA,SPEU,TYPHA,567.39,41.73,525.66,NA,NA,NA,57,NA,NA,NA
3,14,NA,SALA-SPEU,MIXED,PA,SALA,SPEU,SALA,44.47,41.73,2.74,NA,NA,NA,NA,NA,NA,NA
3,14,NA,SALA-SPEU,MIXED,PA,SALA,SPEU,SPEU,52.12,41.73,10.39,NA,NA,NA,NA,NA,NA,NA
3,15,1,SCCY,MONO,MONO_A,SCCY,SCCY,SCCY,26.79,5.43,21.36,68,32,18,NA,NA,0,Y
3,15,2,SCCY,MONO,MONO_A,SCCY,SCCY,SCCY,22.95,5.43,17.52,77,42,17,NA,NA,0,Y
3,15,3,SCCY,MONO,MONO_A,SCCY,SCCY,SCCY,28.18,5.43,22.75,74,34,19,NA,NA,0,Y
3,15,4,SCCY,MONO,MONO_A,SCCY,SCCY,SCCY,28.34,5.43,22.91,90,38,18,NA,NA,0,Y
3,15,5,SCCY,MONO,MONO_A,SCCY,SCCY,SCCY,24.54,5.43,19.11,90,42,15,NA,NA,0,Y
3,15,6,SCCY,MONO,MONO_A,SCCY,SCCY,SCCY,28.56,5.43,23.13,66,37,20,NA,NA,0,Y
3,15,7,SCCY,MONO,MONO_A,SCCY,SCCY,SCCY,15.44,5.43,10.01,72,39,11,NA,NA,0,Y
3,15,8,SCCY,MONO,MONO_A,SCCY,SCCY,SCCY,31.35,5.43,25.92,86,36,18,NA,NA,0,Y
3,15,9,SCCY,MONO,MONO_A,SCCY,SCCY,SCCY,17.26,5.43,11.83,67,36,12,NA,NA,0,Y
3,15,10,SCCY,MONO,MONO_A,SCCY,SCCY,SCCY,32.27,5.43,26.84,52,35,22,NA,NA,0,Y
3,15,NA,SCCY,MONO,MONO_A,SCCY,SCCY,TYPHA,490.86,41.73,449.13,NA,NA,NA,59,NA,NA,Y
3,16,1,SCTA,MONO,MONO_B,SCTA,SCTA,SCTA,17.65,5.43,12.22,119,35,7,17,0,0,Y
3,16,2,SCTA,MONO,MONO_B,SCTA,SCTA,SCTA,0,0,0,0,0,0,0,0,0,N
3,16,3,SCTA,MONO,MONO_B,SCTA,SCTA,SCTA,10.4,5.43,4.97,112,7,2,NA,11,0,Y
3,16,4,SCTA,MONO,MONO_B,SCTA,SCTA,SCTA,9.07,5.43,3.64,117,5,1,NA,5,0,Y
3,16,5,SCTA,MONO,MONO_B,SCTA,SCTA,SCTA,5.36,5.43,0,52,NA,0,NA,2,0,Y
3,16,6,SCTA,MONO,MONO_B,SCTA,SCTA,SCTA,6.39,5.43,0.96,123,12,2,NA,7,0,Y
3,16,7,SCTA,MONO,MONO_B,SCTA,SCTA,SCTA,8.99,5.43,3.56,103,NA,0,NA,9,0,Y
3,16,8,SCTA,MONO,MONO_B,SCTA,SCTA,SCTA,9.13,5.43,3.7,101,NA,0,NA,9,0,Y
3,16,9,SCTA,MONO,MONO_B,SCTA,SCTA,SCTA,9.56,5.43,4.13,84,7,1,NA,5,0,Y
3,16,10,SCTA,MONO,MONO_B,SCTA,SCTA,SCTA,5.86,5.43,0.43,70,NA,0,NA,3,0,Y
3,16,NA,SCTA,MONO,MONO_B,SCTA,SCTA,TYPHA,460.31,41.73,418.58,NA,NA,NA,54,NA,NA,Y
3,17,1,SYPU,MONO,MONO_B,SYPU,SYPU,SYPU,0,5.43,0,0,0,0,0,0,0,N
3,17,2,SYPU,MONO,MONO_B,SYPU,SYPU,SYPU,0,5.43,0,0,0,0,0,0,0,N
3,17,3,SYPU,MONO,MONO_B,SYPU,SYPU,SYPU,0,5.43,0,0,0,0,0,0,0,N
3,17,4,SYPU,MONO,MONO_B,SYPU,SYPU,SYPU,0,5.43,0,0,0,0,0,0,0,N
3,17,5,SYPU,MONO,MONO_B,SYPU,SYPU,SYPU,5.95,5.43,0.52,22,13,2.5,2,18,0,Y
3,17,6,SYPU,MONO,MONO_B,SYPU,SYPU,SYPU,0,5.43,0,0,0,0,0,0,0,N
3,17,7,SYPU,MONO,MONO_B,SYPU,SYPU,SYPU,0,5.43,0,0,0,0,0,0,0,N
3,17,8,SYPU,MONO,MONO_B,SYPU,SYPU,SYPU,0,5.43,0,0,0,0,0,0,0,N
3,17,9,SYPU,MONO,MONO_B,SYPU,SYPU,SYPU,0,5.43,0,0,0,0,0,0,0,N
3,17,10,SYPU,MONO,MONO_B,SYPU,SYPU,SYPU,5.72,5.43,0.29,14,11,2.5,1,8,0,Y
3,17,NA,SYPU,MONO,MONO_B,SYPU,SYPU,TYPHA,526.4,41.73,484.67,NA,NA,NA,56,NA,NA,Y
3,18,1,ACAM,MONO,MONO_A,ACAM,ACAM,ACAM,7.84,5.43,2.41,62,23,12,3,14,0,Y
3,18,2,ACAM,MONO,MONO_A,ACAM,ACAM,ACAM,7,5.43,1.57,62,35,7,3,14,0,Y
3,18,3,ACAM,MONO,MONO_A,ACAM,ACAM,ACAM,6.91,5.43,1.48,66,26,7,1,6,0,Y
3,18,4,ACAM,MONO,MONO_A,ACAM,ACAM,ACAM,7.2,5.43,1.77,67,28,6,2,11,0,Y
3,18,5,ACAM,MONO,MONO_A,ACAM,ACAM,ACAM,6.35,5.43,0.92,60,11,5,1,4,0,Y
3,18,6,ACAM,MONO,MONO_A,ACAM,ACAM,ACAM,6.54,5.43,1.11,62,32,5.5,1,7,0,Y
3,18,7,ACAM,MONO,MONO_A,ACAM,ACAM,ACAM,7.38,5.43,1.95,70,43,8.5,2,11,0,Y
3,18,8,ACAM,MONO,MONO_A,ACAM,ACAM,ACAM,6.22,5.43,0.79,59,22,5.5,1,5,0,Y
3,18,9,ACAM,MONO,MONO_A,ACAM,ACAM,ACAM,7.71,5.43,2.28,81,57,6,1,7,0,Y
3,18,10,ACAM,MONO,MONO_A,ACAM,ACAM,ACAM,6.67,5.43,1.24,65,29,6,1,7,0,Y
3,18,NA,ACAM,MONO,MONO_A,ACAM,ACAM,TYPHA,479.78,41.73,438.05,NA,NA,NA,52,NA,NA,Y
3,19,NA,TYPHA,CONTROL,CONTROL,TYPH,TYPHA,TYPHA,524.2,41.73,482.47,NA,NA,NA,41,NA,NA,Y
3,20,NA,SALA-ACAM,MIXED,NPA,SALA,ACAM,TYPHA,437.9,41.73,396.17,NA,NA,NA,45,NA,NA,NA
3,20,NA,SALA-ACAM,MIXED,NPA,SALA,ACAM,SALA,57.19,41.73,15.46,NA,NA,NA,NA,NA,NA,NA
3,20,NA,SALA-ACAM,MIXED,NPA,SALA,ACAM,ACAM,54.4,41.73,12.67,NA,NA,NA,NA,NA,NA,NA
3,21,1,JUEF,MONO,MONO_A,JUEF,JUEF,JUEF,24.72,5.43,19.29,80,38,15.5,NA,0,0,Y
3,21,2,JUEF,MONO,MONO_A,JUEF,JUEF,JUEF,21.18,5.43,15.75,98,38,15,NA,NA,0,Y
3,21,3,JUEF,MONO,MONO_A,JUEF,JUEF,JUEF,9.77,5.43,4.34,81,34,7.5,NA,NA,0,Y
3,21,4,JUEF,MONO,MONO_A,JUEF,JUEF,JUEF,20.78,5.43,15.35,94,37,15,NA,NA,0,Y
3,21,5,JUEF,MONO,MONO_A,JUEF,JUEF,JUEF,10.32,5.43,4.89,83,30,9,NA,NA,0,Y
3,21,6,JUEF,MONO,MONO_A,JUEF,JUEF,JUEF,17.42,5.43,11.99,82,39,13,NA,NA,0,Y
3,21,7,JUEF,MONO,MONO_A,JUEF,JUEF,JUEF,13.64,5.43,8.21,80,40,10,NA,NA,0,Y
3,21,8,JUEF,MONO,MONO_A,JUEF,JUEF,JUEF,15.78,5.43,10.35,89,28,12,NA,NA,0,Y
3,21,9,JUEF,MONO,MONO_A,JUEF,JUEF,JUEF,22.17,5.43,16.74,99,35,16,NA,NA,0,Y
3,21,10,JUEF,MONO,MONO_A,JUEF,JUEF,JUEF,18.47,5.43,13.04,85,30,13,NA,NA,0,Y
3,21,NA,JUEF,MONO,MONO_A,JUEF,JUEF,TYPHA,456.37,41.73,414.64,NA,NA,NA,54,NA,NA,Y
3,22,1,SALA,MONO,MONO_A,SALA,SALA,SALA,6.16,5.43,0.73,42,NA,0,1,4,0,Y
3,22,2,SALA,MONO,MONO_A,SALA,SALA,SALA,7.95,5.43,2.52,54,NA,0,2,10,2,Y
3,22,3,SALA,MONO,MONO_A,SALA,SALA,SALA,7.67,5.43,2.24,58,NA,0,1,13,1,Y
3,22,4,SALA,MONO,MONO_A,SALA,SALA,SALA,6.95,5.43,1.52,54,NA,0,2,10,1,Y
3,22,5,SALA,MONO,MONO_A,SALA,SALA,SALA,7.14,5.43,1.71,40,NA,0,2,7,1,Y
3,22,6,SALA,MONO,MONO_A,SALA,SALA,SALA,6.85,5.43,1.42,34,NA,0,1,7,2,Y
3,22,7,SALA,MONO,MONO_A,SALA,SALA,SALA,6.08,5.43,0.65,33,NA,0,2,7,1,Y
3,22,8,SALA,MONO,MONO_A,SALA,SALA,SALA,8.07,5.43,2.64,48,20,1,3,8,3,Y
3,22,9,SALA,MONO,MONO_A,SALA,SALA,SALA,8.85,5.43,3.42,66,11,2,5,17,3,Y
3,22,10,SALA,MONO,MONO_A,SALA,SALA,SALA,10.02,5.43,4.59,49,46,4,6,29,2,Y
3,22,NA,SALA,MONO,MONO_A,SALA,SALA,TYPHA,477.83,41.73,436.1,NA,NA,NA,48,NA,NA,Y
3,23,NA,PEVI-ACAM,MIXED,PA,PEVI,ACAM,TYPHA,401.27,41.73,359.54,NA,NA,NA,44,NA,NA,NA
3,23,NA,PEVI-ACAM,MIXED,PA,PEVI,ACAM,PEVI,42.57,41.73,0.84,NA,NA,NA,NA,NA,NA,NA
3,23,NA,PEVI-ACAM,MIXED,PA,PEVI,ACAM,ACAM,50.54,41.73,8.81,NA,NA,NA,NA,NA,NA,NA
3,24,1,HIMO,MONO,MONO_B,HIMO,HIMO,HIMO,8.4,5.43,2.97,64,20,4,2,16,0,Y
3,24,2,HIMO,MONO,MONO_B,HIMO,HIMO,HIMO,9.31,5.43,3.88,72,31,5,2,19,0,Y
3,24,3,HIMO,MONO,MONO_B,HIMO,HIMO,HIMO,8.55,5.43,3.12,48,25,4.5,4,25,0,Y
3,24,4,HIMO,MONO,MONO_B,HIMO,HIMO,HIMO,8.17,5.43,2.74,61,34,4,2,25,0,Y
3,24,5,HIMO,MONO,MONO_B,HIMO,HIMO,HIMO,10.27,5.43,4.84,66,21,4.5,3,24,0,Y
3,24,6,HIMO,MONO,MONO_B,HIMO,HIMO,HIMO,9.68,5.43,4.25,72,39,4,3,25,0,Y
3,24,7,HIMO,MONO,MONO_B,HIMO,HIMO,HIMO,10.47,5.43,5.04,77,30,5.5,2,18,0,Y
3,24,8,HIMO,MONO,MONO_B,HIMO,HIMO,HIMO,10.17,5.43,4.74,77,20,4,2,14,0,Y
3,24,9,HIMO,MONO,MONO_B,HIMO,HIMO,HIMO,8.29,5.43,2.86,55,17,3.5,2,18,0,Y
3,24,10,HIMO,MONO,MONO_B,HIMO,HIMO,HIMO,8.28,5.43,2.85,62,15,3.5,3,18,0,Y
3,24,NA,HIMO,MONO,MONO_B,HIMO,HIMO,TYPHA,604.17,41.73,562.44,NA,NA,NA,66,NA,NA,Y
3,25,NA,SALA-SPEU,MIXED,PA,SALA,SPEU,TYPHA,450.98,41.73,409.25,NA,NA,NA,38,NA,NA,NA
3,25,NA,SALA-SPEU,MIXED,PA,SALA,SPEU,SALA,60.32,41.73,18.59,NA,NA,NA,NA,NA,NA,NA
3,25,NA,SALA-SPEU,MIXED,PA,SALA,SPEU,SPEU,76.81,41.73,35.08,NA,NA,NA,NA,NA,NA,NA
4,1,NA,TYPHA,CONTROL,CONTROL,TYPH,TYPHA,TYPHA,353.02,41.73,311.29,NA,NA,NA,28,NA,NA,Y
4,2,1,SPEU,MONO,MONO_A,SPEU,SPEU,SPEU,21.92,5.43,16.49,78.5,20,6,10,42,0,Y
4,2,2,SPEU,MONO,MONO_A,SPEU,SPEU,SPEU,11.81,5.43,6.38,91,7.5,2,3,16,0,Y
4,2,3,SPEU,MONO,MONO_A,SPEU,SPEU,SPEU,7.01,5.43,1.58,62,NA,0,2,9,0,Y
4,2,4,SPEU,MONO,MONO_A,SPEU,SPEU,SPEU,14.64,5.43,9.21,84,8,1,3,19,0,Y
4,2,5,SPEU,MONO,MONO_A,SPEU,SPEU,SPEU,13.01,5.43,7.58,100,13,3,4,20,0,Y
4,2,6,SPEU,MONO,MONO_A,SPEU,SPEU,SPEU,12.91,5.43,7.48,85,20,1,3,14,0,Y
4,2,7,SPEU,MONO,MONO_A,SPEU,SPEU,SPEU,10.47,5.43,5.04,96,9,1,2,10,0,Y
4,2,8,SPEU,MONO,MONO_A,SPEU,SPEU,SPEU,7.61,5.43,2.18,77.5,8,1,2,11,0,Y
4,2,9,SPEU,MONO,MONO_A,SPEU,SPEU,SPEU,18.8,5.43,13.37,95,19,5,6,30,0,Y
4,2,10,SPEU,MONO,MONO_A,SPEU,SPEU,SPEU,42.36,5.43,36.93,97,25,6,7,39,0,Y
4,2,NA,SPEU,MONO,MONO_A,SPEU,SPEU,TYPHA,218.82,41.73,177.09,NA,NA,NA,24,NA,NA,Y
4,3,NA,SCCY-JUEF,MIXED,PA,SCCY,JUEF,TYPHA,158.03,41.73,116.3,NA,NA,NA,15,NA,NA,NA
4,3,NA,SCCY-JUEF,MIXED,PA,SCCY,JUEF,SCCY,215.44,41.73,173.71,NA,NA,NA,NA,NA,NA,NA
4,3,NA,SCCY-JUEF,MIXED,PA,SCCY,JUEF,JUEF,167.08,41.73,125.35,NA,NA,NA,NA,NA,NA,NA
4,4,NA,PEVI-SCCY,MIXED,NPA,PEVI,SCCY,TYPHA,432.91,41.73,391.18,NA,NA,NA,61,NA,NA,NA
4,4,NA,PEVI-SCCY,MIXED,NPA,PEVI,SCCY,SCCY,145.09,41.73,103.36,NA,NA,NA,NA,NA,NA,NA
4,4,NA,PEVI-SCCY,MIXED,NPA,PEVI,SCCY,PEVI,42.71,41.73,0.98,NA,NA,NA,NA,NA,NA,NA
4,6,NA,SALA-SPEU,MIXED,PA,SALA,SPEU,TYPHA,534.73,41.73,493,NA,NA,NA,46,NA,NA,NA
4,6,NA,SALA-SPEU,MIXED,PA,SALA,SPEU,SPEU,57.21,41.73,15.48,NA,NA,NA,NA,NA,NA,NA
4,6,NA,SALA-SPEU,MIXED,PA,SALA,SPEU,SALA,49.83,41.73,8.1,NA,NA,NA,NA,NA,NA,NA
4,7,NA,SPEU-JUEF,MIXED,NPA,SPEU,JUEF,TYPHA,445.57,41.73,403.84,NA,NA,NA,42,NA,NA,NA
4,7,NA,SPEU-JUEF,MIXED,NPA,SPEU,JUEF,SPEU,68.32,41.73,26.59,NA,NA,NA,NA,NA,NA,NA
4,7,NA,SPEU-JUEF,MIXED,NPA,SPEU,JUEF,JUEF,116.41,41.73,74.68,NA,NA,NA,NA,NA,NA,NA
4,8,1,SALA,MONO,MONO_A,SALA,SALA,SALA,13.69,5.43,8.26,55,29,2,4,15,4,Y
4,8,2,SALA,MONO,MONO_A,SALA,SALA,SALA,6.94,5.43,1.51,71,NA,0,1,4,1,Y
4,8,3,SALA,MONO,MONO_A,SALA,SALA,SALA,10.44,5.43,5.01,69,20,1,2,8,3,Y
4,8,4,SALA,MONO,MONO_A,SALA,SALA,SALA,9.13,5.43,3.7,54,NA,0,3,8,2,Y
4,8,5,SALA,MONO,MONO_A,SALA,SALA,SALA,14.81,5.43,9.38,72,11,2,4,22,3,Y
4,8,6,SALA,MONO,MONO_A,SALA,SALA,SALA,12.08,5.43,6.65,53,6,2,3,14,0,Y
4,8,7,SALA,MONO,MONO_A,SALA,SALA,SALA,10.47,5.43,5.04,84,NA,0,1,7,2,Y
4,8,8,SALA,MONO,MONO_A,SALA,SALA,SALA,9.26,5.43,3.83,58,NA,0,1,3,2,Y
4,8,9,SALA,MONO,MONO_A,SALA,SALA,SALA,6.55,5.43,1.12,42,NA,0,1,3,0,Y
4,8,10,SALA,MONO,MONO_A,SALA,SALA,SALA,12.69,5.43,7.26,78,13,2,4,15,2,Y
4,8,NA,SALA,MONO,MONO_A,SALA,SALA,TYPHA,276.43,41.73,234.7,NA,NA,NA,30,NA,NA,Y
4,9,1,SCTA,MONO,MONO_B,SCTA,SCTA,SCTA,10.77,5.43,5.34,119,NA,0,NA,9,0,Y
4,9,2,SCTA,MONO,MONO_B,SCTA,SCTA,SCTA,16.28,5.43,10.85,139,30,4,NA,10,0,Y
4,9,3,SCTA,MONO,MONO_B,SCTA,SCTA,SCTA,13.62,5.43,8.19,126,8,2,NA,11,0,Y
4,9,4,SCTA,MONO,MONO_B,SCTA,SCTA,SCTA,23.54,5.43,18.11,140,8,2,NA,11,0,Y
4,9,5,SCTA,MONO,MONO_B,SCTA,SCTA,SCTA,7.74,5.43,2.31,115,10,2,NA,6,0,Y
4,9,6,SCTA,MONO,MONO_B,SCTA,SCTA,SCTA,15.66,5.43,10.23,138,18,4,NA,12,0,Y
4,9,7,SCTA,MONO,MONO_B,SCTA,SCTA,SCTA,13.45,5.43,8.02,133,9,3,NA,10,0,Y
4,9,8,SCTA,MONO,MONO_B,SCTA,SCTA,SCTA,26.84,5.43,21.41,158,24,5,NA,26,0,Y
4,9,9,SCTA,MONO,MONO_B,SCTA,SCTA,SCTA,20,5.43,14.57,147,12,4,NA,11,0,Y
4,9,10,SCTA,MONO,MONO_B,SCTA,SCTA,SCTA,15.42,5.43,9.99,160,6,2,NA,9,0,Y
4,9,NA,SCTA,MONO,MONO_B,SCTA,SCTA,TYPHA,388.3,41.73,346.57,NA,NA,NA,49,NA,NA,Y
4,10,1,SYPU,MONO,MONO_B,SYPU,SYPU,SYPU,0,5.43,0,NA,NA,NA,NA,NA,NA,N
4,10,2,SYPU,MONO,MONO_B,SYPU,SYPU,SYPU,0,5.43,0,NA,NA,NA,NA,NA,NA,N
4,10,3,SYPU,MONO,MONO_B,SYPU,SYPU,SYPU,0,5.43,0,NA,NA,NA,NA,NA,NA,N
4,10,4,SYPU,MONO,MONO_B,SYPU,SYPU,SYPU,0,5.43,0,NA,NA,NA,NA,NA,NA,N
4,10,5,SYPU,MONO,MONO_B,SYPU,SYPU,SYPU,0,5.43,0,NA,NA,NA,NA,NA,NA,N
4,10,6,SYPU,MONO,MONO_B,SYPU,SYPU,SYPU,0,5.43,0,NA,NA,NA,NA,NA,NA,N
4,10,7,SYPU,MONO,MONO_B,SYPU,SYPU,SYPU,0,5.43,0,NA,NA,NA,NA,NA,NA,N
4,10,8,SYPU,MONO,MONO_B,SYPU,SYPU,SYPU,0,5.43,0,NA,NA,NA,NA,NA,NA,N
4,10,9,SYPU,MONO,MONO_B,SYPU,SYPU,SYPU,0,5.43,0,NA,NA,NA,NA,NA,NA,N
4,10,10,SYPU,MONO,MONO_B,SYPU,SYPU,SYPU,0,5.43,0,NA,NA,NA,NA,NA,NA,N
4,10,NA,SYPU,MONO,MONO_B,SYPU,SYPU,TYPHA,287.23,41.73,245.5,NA,NA,NA,35,NA,NA,Y
4,11,NA,SALA-SPEU,MIXED,PA,SALA,SPEU,TYPHA,486.3,41.73,444.57,NA,NA,NA,68,NA,NA,NA
4,11,NA,SALA-SPEU,MIXED,PA,SALA,SPEU,SALA,63.17,41.73,21.44,NA,NA,NA,NA,NA,NA,NA
4,11,NA,SALA-SPEU,MIXED,PA,SALA,SPEU,SPEU,60.1,41.73,18.37,NA,NA,NA,NA,NA,NA,NA
4,12,1,JUEF,MONO,MONO_A,JUEF,JUEF,JUEF,16.78,5.43,11.35,93,28,10,NA,NA,0,Y
4,12,2,JUEF,MONO,MONO_A,JUEF,JUEF,JUEF,21.69,5.43,16.26,106,40,13,NA,NA,0,Y
4,12,3,JUEF,MONO,MONO_A,JUEF,JUEF,JUEF,20.27,5.43,14.84,94,40,13,NA,NA,0,Y
4,12,4,JUEF,MONO,MONO_A,JUEF,JUEF,JUEF,31.99,5.43,26.56,98,35,18,NA,NA,0,Y
4,12,5,JUEF,MONO,MONO_A,JUEF,JUEF,JUEF,19.31,5.43,13.88,97,37,11,NA,NA,0,Y
4,12,6,JUEF,MONO,MONO_A,JUEF,JUEF,JUEF,19.57,5.43,14.14,102,25,11.5,NA,NA,0,Y
4,12,7,JUEF,MONO,MONO_A,JUEF,JUEF,JUEF,21.54,5.43,16.11,100,31,14.5,NA,NA,0,Y
4,12,8,JUEF,MONO,MONO_A,JUEF,JUEF,JUEF,20.98,5.43,15.55,98,25,11,NA,NA,0,Y
4,12,9,JUEF,MONO,MONO_A,JUEF,JUEF,JUEF,24.83,5.43,19.4,93,32,14,NA,NA,0,Y
4,12,10,JUEF,MONO,MONO_A,JUEF,JUEF,JUEF,16.78,5.43,11.35,102,29,9,NA,NA,0,Y
4,12,NA,JUEF,MONO,MONO_A,JUEF,JUEF,TYPHA,452.48,41.73,410.75,NA,NA,NA,58,NA,NA,Y
4,13,1,ACAM,MONO,MONO_A,ACAM,ACAM,ACAM,7.45,5.43,2.02,78,47,7.5,2,12,0,Y
4,13,2,ACAM,MONO,MONO_A,ACAM,ACAM,ACAM,8.39,5.43,2.96,63,59,12,3,10,0,Y
4,13,3,ACAM,MONO,MONO_A,ACAM,ACAM,ACAM,0,0,0,NA,NA,NA,NA,NA,NA,N
4,13,4,ACAM,MONO,MONO_A,ACAM,ACAM,ACAM,7.05,5.43,1.62,75,27,7,1,6,0,Y
4,13,5,ACAM,MONO,MONO_A,ACAM,ACAM,ACAM,6.51,5.43,1.08,60,23,5.5,2,8,0,Y
4,13,6,ACAM,MONO,MONO_A,ACAM,ACAM,ACAM,6.59,5.43,1.16,49,39,7,3,12,0,Y
4,13,7,ACAM,MONO,MONO_A,ACAM,ACAM,ACAM,7.1,5.43,1.67,71,36,7,1,6,0,Y
4,13,8,ACAM,MONO,MONO_A,ACAM,ACAM,ACAM,7.97,5.43,2.54,81,41,8.5,2,11,0,Y
4,13,9,ACAM,MONO,MONO_A,ACAM,ACAM,ACAM,NA,5.43,NA,64,29,5,2,8,0,Y
4,13,10,ACAM,MONO,MONO_A,ACAM,ACAM,ACAM,7.05,5.43,1.62,61,32,5.5,2,10,0,Y
4,13,NA,ACAM,MONO,MONO_A,ACAM,ACAM,TYPHA,440.52,41.73,398.79,NA,NA,NA,70,NA,NA,Y
4,14,1,BOFL,MONO,MONO_B,BOFL,BOFL,BOFL,8.38,5.43,2.95,25,NA,0,1,3,0,Y
4,14,2,BOFL,MONO,MONO_B,BOFL,BOFL,BOFL,8.84,5.43,3.41,90,12,2,4,17,0,Y
4,14,3,BOFL,MONO,MONO_B,BOFL,BOFL,BOFL,0,0,0,NA,NA,NA,NA,NA,NA,N
4,14,4,BOFL,MONO,MONO_B,BOFL,BOFL,BOFL,10.18,5.43,4.75,95,NA,0,1,9,0,Y
4,14,5,BOFL,MONO,MONO_B,BOFL,BOFL,BOFL,12.29,5.43,6.86,120,7,1,3,19,0,Y
4,14,6,BOFL,MONO,MONO_B,BOFL,BOFL,BOFL,9.25,5.43,3.82,101,5,1,2,16,0,Y
4,14,7,BOFL,MONO,MONO_B,BOFL,BOFL,BOFL,11.24,5.43,5.81,94,9,2,5,30,0,Y
4,14,8,BOFL,MONO,MONO_B,BOFL,BOFL,BOFL,12.51,5.43,7.08,94,7,1,4,22,0,Y
4,14,9,BOFL,MONO,MONO_B,BOFL,BOFL,BOFL,12.39,5.43,6.96,91,24,2,3,15,0,Y
4,14,10,BOFL,MONO,MONO_B,BOFL,BOFL,BOFL,9.37,5.43,3.94,102,NA,0,1,8,0,Y
4,14,NA,BOFL,MONO,MONO_B,BOFL,BOFL,TYPHA,429.5,41.73,387.77,NA,NA,NA,67,NA,NA,Y
4,15,NA,SPEU-JUEF,MIXED,NPA,SPEU,JUEF,TYPHA,325.78,41.73,284.05,NA,NA,NA,54,NA,NA,NA
4,15,NA,SPEU-JUEF,MIXED,NPA,SPEU,JUEF,SPEU,48.4,41.73,6.67,NA,NA,NA,NA,NA,NA,NA
4,15,NA,SPEU-JUEF,MIXED,NPA,SPEU,JUEF,JUEF,138.39,41.73,96.66,NA,NA,NA,NA,NA,NA,NA
4,16,NA,SCCY-JUEF,MIXED,PA,SCCY,JUEF,TYPHA,570.62,41.73,528.89,NA,NA,NA,82,NA,NA,NA
4,16,NA,SCCY-JUEF,MIXED,PA,SCCY,JUEF,JUEF,105.94,41.73,64.21,NA,NA,NA,NA,NA,NA,NA
4,16,NA,SCCY-JUEF,MIXED,PA,SCCY,JUEF,SCCY,176.29,41.73,134.56,NA,NA,NA,NA,NA,NA,NA
4,17,NA,PEVI-ACAM,MIXED,PA,PEVI,ACAM,TYPHA,543.7,41.73,501.97,NA,NA,NA,74,NA,NA,NA
4,17,NA,PEVI-ACAM,MIXED,PA,PEVI,ACAM,ACAM,51.93,41.73,10.2,NA,NA,NA,NA,NA,NA,NA
4,17,NA,PEVI-ACAM,MIXED,PA,PEVI,ACAM,PEVI,43.61,41.73,1.88,NA,NA,NA,NA,NA,NA,NA
4,18,NA,SALA-ACAM,MIXED,NPA,SALA,ACAM,TYPHA,445.99,41.73,404.26,NA,NA,NA,61,NA,NA,NA
4,18,NA,SALA-ACAM,MIXED,NPA,SALA,ACAM,SALA,52.88,41.73,11.15,NA,NA,NA,NA,NA,NA,NA
4,18,NA,SALA-ACAM,MIXED,NPA,SALA,ACAM,ACAM,48.88,41.73,7.15,NA,NA,NA,NA,NA,NA,NA
4,19,NA,PEVI-ACAM,MIXED,PA,PEVI,ACAM,TYPHA,382.89,41.73,341.16,NA,NA,NA,55,NA,NA,NA
4,19,NA,PEVI-ACAM,MIXED,PA,PEVI,ACAM,PEVI,42.06,41.73,0.33,NA,NA,NA,NA,NA,NA,NA
4,19,NA,PEVI-ACAM,MIXED,PA,PEVI,ACAM,ACAM,48.18,41.73,6.45,NA,NA,NA,NA,NA,NA,NA
4,20,1,SCCY,MONO,MONO_A,SCCY,SCCY,SCCY,18.19,5.43,12.76,NA,NA,NA,NA,NA,NA,Y
4,20,2,SCCY,MONO,MONO_A,SCCY,SCCY,SCCY,18.91,5.43,13.48,NA,NA,NA,NA,NA,NA,Y
4,20,3,SCCY,MONO,MONO_A,SCCY,SCCY,SCCY,18.19,5.43,12.76,NA,NA,NA,NA,NA,NA,Y
4,20,4,SCCY,MONO,MONO_A,SCCY,SCCY,SCCY,19.61,5.43,14.18,NA,NA,NA,NA,NA,NA,Y
4,20,5,SCCY,MONO,MONO_A,SCCY,SCCY,SCCY,22.52,5.43,17.09,NA,NA,NA,NA,NA,NA,Y
4,20,6,SCCY,MONO,MONO_A,SCCY,SCCY,SCCY,35.73,5.43,30.3,NA,NA,NA,NA,NA,NA,Y
4,20,7,SCCY,MONO,MONO_A,SCCY,SCCY,SCCY,23.94,5.43,18.51,NA,NA,NA,NA,NA,NA,Y
4,20,8,SCCY,MONO,MONO_A,SCCY,SCCY,SCCY,18.65,5.43,13.22,NA,NA,NA,NA,NA,NA,Y
4,20,9,SCCY,MONO,MONO_A,SCCY,SCCY,SCCY,23.28,5.43,17.85,NA,NA,NA,NA,NA,NA,Y
4,20,10,SCCY,MONO,MONO_A,SCCY,SCCY,SCCY,17.57,5.43,12.14,NA,NA,NA,NA,NA,NA,Y
4,20,NA,SCCY,MONO,MONO_A,SCCY,SCCY,TYPHA,385.03,41.73,343.3,NA,NA,NA,55,NA,NA,Y
4,21,NA,PEVI-SCCY,MIXED,NPA,PEVI,SCCY,TYPHA,450.44,41.73,408.71,NA,NA,NA,61,NA,NA,NA
4,21,NA,PEVI-SCCY,MIXED,NPA,PEVI,SCCY,PEVI,43.91,41.73,2.18,NA,NA,NA,NA,NA,NA,NA
4,21,NA,PEVI-SCCY,MIXED,NPA,PEVI,SCCY,SCCY,200.88,41.73,159.15,NA,NA,NA,NA,NA,NA,NA
4,22,1,PEVI,MONO,MONO_A,PEVI,PEVI,PEVI,6.05,5.43,0.62,49,25,4,1,2,0,Y
4,22,2,PEVI,MONO,MONO_A,PEVI,PEVI,PEVI,5.72,5.43,0.29,33,9.5,3,1,2,0,Y
4,22,3,PEVI,MONO,MONO_A,PEVI,PEVI,PEVI,5.77,5.43,0.34,32,6,3,1,2,0,Y
4,22,4,PEVI,MONO,MONO_A,PEVI,PEVI,PEVI,5.96,5.43,0.53,30,8,3.5,1,3,0,Y
4,22,5,PEVI,MONO,MONO_A,PEVI,PEVI,PEVI,5.58,5.43,0.15,11,0,2.5,1,1,0,Y
4,22,6,PEVI,MONO,MONO_A,PEVI,PEVI,PEVI,5.98,5.43,0.55,42,31,4,1,3,0,Y
4,22,7,PEVI,MONO,MONO_A,PEVI,PEVI,PEVI,5.7,5.43,0.27,30,10,2.5,1,1,0,Y
4,22,8,PEVI,MONO,MONO_A,PEVI,PEVI,PEVI,5.64,5.43,0.21,31,20,2.5,1,2,0,Y
4,22,9,PEVI,MONO,MONO_A,PEVI,PEVI,PEVI,5.68,5.43,0.25,37,7,2.5,1,2,0,Y
4,22,10,PEVI,MONO,MONO_A,PEVI,PEVI,PEVI,6.22,5.43,0.79,55,32,4.5,2,3,0,Y
4,22,NA,PEVI,MONO,MONO_A,PEVI,PEVI,TYPHA,514.07,41.73,472.34,NA,NA,NA,63,NA,NA,Y
4,23,1,HIMO,MONO,MONO_B,HIMO,HIMO,HIMO,7.73,5.43,2.3,54,18,4,3,22,0,Y
4,23,2,HIMO,MONO,MONO_B,HIMO,HIMO,HIMO,10.83,5.43,5.4,63.5,17.5,5,2,18,0,Y
4,23,3,HIMO,MONO,MONO_B,HIMO,HIMO,HIMO,10.13,5.43,4.7,60,21,5,2,21,0,Y
4,23,4,HIMO,MONO,MONO_B,HIMO,HIMO,HIMO,10.51,5.43,5.08,73,24,4,2,14,0,Y
4,23,5,HIMO,MONO,MONO_B,HIMO,HIMO,HIMO,9.84,5.43,4.41,75,19,4.5,3,24,0,Y
4,23,6,HIMO,MONO,MONO_B,HIMO,HIMO,HIMO,11.46,5.43,6.03,69,24,7,5,31,0,Y
4,23,7,HIMO,MONO,MONO_B,HIMO,HIMO,HIMO,13.98,5.43,8.55,84,26,7.5,2,23,0,Y
4,23,8,HIMO,MONO,MONO_B,HIMO,HIMO,HIMO,7.29,5.43,1.86,50,12,4,4,24,0,Y
4,23,9,HIMO,MONO,MONO_B,HIMO,HIMO,HIMO,11.13,5.43,5.7,50,20,5,3,24,0,Y
4,23,10,HIMO,MONO,MONO_B,HIMO,HIMO,HIMO,13.71,5.43,8.28,73,26,4.5,3,25,0,Y
4,23,NA,HIMO,MONO,MONO_B,HIMO,HIMO,TYPHA,515.55,41.73,473.82,NA,NA,NA,48,NA,NA,Y
4,24,NA,TYPHA,CONTROL,CONTROL,TYPH,TYPHA,TYPHA,412.22,41.73,370.49,NA,NA,NA,72,NA,NA,Y
4,25,NA,SALA-ACAM,MIXED,NPA,SALA,ACAM,TYPHA,331.91,41.73,290.18,NA,NA,NA,56,NA,NA,NA
4,25,NA,SALA-ACAM,MIXED,NPA,SALA,ACAM,SALA,41.4,41.73,0,NA,NA,NA,NA,NA,NA,NA
4,25,NA,SALA-ACAM,MIXED,NPA,SALA,ACAM,ACAM,50.57,41.73,8.84,NA,NA,NA,NA,NA,NA,NA
5,1,NA,TYPHA,CONTROL,CONTROL,TYPH,TYPHA,TYPHA,325.37,41.73,283.64,NA,NA,NA,53,NA,NA,Y
5,2,1,SCTA,MONO,MONO_B,SCTA,SCTA,SCTA,8.25,5.43,2.82,102,10,1,NA,7,0,Y
5,2,2,SCTA,MONO,MONO_B,SCTA,SCTA,SCTA,7.18,5.43,1.75,104,11,2,NA,5,0,Y
5,2,3,SCTA,MONO,MONO_B,SCTA,SCTA,SCTA,13.71,5.43,8.28,119,22,4,NA,10,0,Y
5,2,4,SCTA,MONO,MONO_B,SCTA,SCTA,SCTA,7.33,5.43,1.9,106,NA,0,NA,4,0,Y
5,2,5,SCTA,MONO,MONO_B,SCTA,SCTA,SCTA,7.06,5.43,1.63,84,NA,0,NA,6,0,Y
5,2,6,SCTA,MONO,MONO_B,SCTA,SCTA,SCTA,8.13,5.43,2.7,98,16,3,NA,8,0,Y
5,2,7,SCTA,MONO,MONO_B,SCTA,SCTA,SCTA,6.52,5.43,1.09,95,NA,0,NA,4,0,Y
5,2,8,SCTA,MONO,MONO_B,SCTA,SCTA,SCTA,6.36,5.43,0.93,74,NA,0,NA,3,0,Y
5,2,9,SCTA,MONO,MONO_B,SCTA,SCTA,SCTA,9.96,5.43,4.53,114,9,1,NA,5,0,Y
5,2,10,SCTA,MONO,MONO_B,SCTA,SCTA,SCTA,8.47,5.43,3.04,124,5,1,NA,5,0,Y
5,2,NA,SCTA,MONO,MONO_B,SCTA,SCTA,TYPHA,318.65,41.73,276.92,NA,NA,NA,63,NA,NA,Y
5,3,1,ACAM,MONO,MONO_A,ACAM,ACAM,ACAM,7.18,5.43,1.75,81,41,6,1,7,0,Y
5,3,2,ACAM,MONO,MONO_A,ACAM,ACAM,ACAM,7.44,5.43,2.01,55,21,7,2,11,0,Y
5,3,3,ACAM,MONO,MONO_A,ACAM,ACAM,ACAM,5.48,5.43,0.05,77,35,7,1,6,0,Y
5,3,4,ACAM,MONO,MONO_A,ACAM,ACAM,ACAM,8.48,5.43,3.05,86,40,6,2,13,0,Y
5,3,5,ACAM,MONO,MONO_A,ACAM,ACAM,ACAM,6.55,5.43,1.12,75,34,5,1,5,0,Y
5,3,6,ACAM,MONO,MONO_A,ACAM,ACAM,ACAM,6.68,5.43,1.25,65,30,5.5,1,6,0,Y
5,3,7,ACAM,MONO,MONO_A,ACAM,ACAM,ACAM,7.88,5.43,2.45,67,43,8,2,11,0,Y
5,3,8,ACAM,MONO,MONO_A,ACAM,ACAM,ACAM,6.68,5.43,1.25,55,14,5,2,7,0,Y
5,3,9,ACAM,MONO,MONO_A,ACAM,ACAM,ACAM,8.09,5.43,2.66,20,33,6,1,6,0,Y
5,3,10,ACAM,MONO,MONO_A,ACAM,ACAM,ACAM,8.86,5.43,3.43,84,34,7,2,10,0,Y
5,3,NA,ACAM,MONO,MONO_A,ACAM,ACAM,TYPHA,394.96,41.73,353.23,NA,NA,NA,65,NA,NA,Y
5,4,1,SYPU,MONO,MONO_B,SYPU,SYPU,SYPU,0,5.43,0,0,0,0,0,0,0,N
5,4,2,SYPU,MONO,MONO_B,SYPU,SYPU,SYPU,0,5.43,0,0,0,0,0,0,0,N
5,4,3,SYPU,MONO,MONO_B,SYPU,SYPU,SYPU,0,5.43,0,0,0,0,0,0,0,N
5,4,4,SYPU,MONO,MONO_B,SYPU,SYPU,SYPU,0,5.43,0,0,0,0,0,0,0,N
5,4,5,SYPU,MONO,MONO_B,SYPU,SYPU,SYPU,0,5.43,0,0,0,0,0,0,0,N
5,4,6,SYPU,MONO,MONO_B,SYPU,SYPU,SYPU,0,5.43,0,0,0,0,0,0,0,N
5,4,7,SYPU,MONO,MONO_B,SYPU,SYPU,SYPU,0,5.43,0,0,0,0,0,0,0,N
5,4,8,SYPU,MONO,MONO_B,SYPU,SYPU,SYPU,0,5.43,0,0,0,0,0,0,0,N
5,4,9,SYPU,MONO,MONO_B,SYPU,SYPU,SYPU,0,5.43,0,0,0,0,0,0,0,N
5,4,10,SYPU,MONO,MONO_B,SYPU,SYPU,SYPU,0,5.43,0,0,0,0,0,0,0,N
5,4,NA,SYPU,MONO,MONO_B,SYPU,SYPU,TYPHA,238.75,41.73,197.02,NA,NA,NA,41,NA,NA,Y
5,5,NA,SALA-SPEU,MIXED,PA,SALA,SPEU,TYPHA,232.9,41.73,191.17,NA,NA,NA,37,NA,NA,NA
5,5,NA,SALA-SPEU,MIXED,PA,SALA,SPEU,SALA,43.98,41.73,2.25,NA,NA,NA,NA,NA,NA,NA
5,5,NA,SALA-SPEU,MIXED,PA,SALA,SPEU,SPEU,46.23,41.73,4.5,NA,NA,NA,NA,NA,NA,NA
5,6,NA,SPEU-JUEF,MIXED,NPA,SPEU,JUEF,TYPHA,317.33,41.73,275.6,NA,NA,NA,44,NA,NA,NA
5,6,NA,SPEU-JUEF,MIXED,NPA,SPEU,JUEF,SPEU,45.33,41.73,3.6,NA,NA,NA,NA,NA,NA,NA
5,6,NA,SPEU-JUEF,MIXED,NPA,SPEU,JUEF,JUEF,113.43,41.73,71.7,NA,NA,NA,NA,NA,NA,NA
5,7,NA,PEVI-SCCY,MIXED,NPA,PEVI,SCCY,TYPHA,182.47,41.73,140.74,NA,NA,NA,35,NA,NA,NA
5,7,NA,PEVI-SCCY,MIXED,NPA,PEVI,SCCY,PEVI,42.35,41.73,0.62,NA,NA,NA,NA,NA,NA,NA
5,7,NA,PEVI-SCCY,MIXED,NPA,PEVI,SCCY,SCCY,132.65,41.73,90.92,NA,NA,NA,NA,NA,NA,NA
5,8,NA,PEVI-ACAM,MIXED,PA,PEVI,ACAM,TYPHA,137.3,41.73,95.57,NA,NA,NA,27,NA,NA,NA
5,8,NA,PEVI-ACAM,MIXED,PA,PEVI,ACAM,PEVI,45.01,41.73,3.28,NA,NA,NA,NA,NA,NA,NA
5,8,NA,PEVI-ACAM,MIXED,PA,PEVI,ACAM,ACAM,56.49,41.73,14.76,NA,NA,NA,NA,NA,NA,NA
5,9,1,PEVI,MONO,MONO_A,PEVI,PEVI,PEVI,5.74,5.43,0.31,18,7,3.5,2,6,0,Y
5,9,2,PEVI,MONO,MONO_A,PEVI,PEVI,PEVI,5.7,5.43,0.27,40,18,2.5,1,1,0,Y
5,9,3,PEVI,MONO,MONO_A,PEVI,PEVI,PEVI,5.84,5.43,0.41,37,10,2.5,1,2,0,Y
5,9,4,PEVI,MONO,MONO_A,PEVI,PEVI,PEVI,5.89,5.43,0.46,36,19,3.5,2,3,0,Y
5,9,5,PEVI,MONO,MONO_A,PEVI,PEVI,PEVI,5.94,5.43,0.51,40.5,3,3.5,1,2,0,Y
5,9,6,PEVI,MONO,MONO_A,PEVI,PEVI,PEVI,5.62,5.43,0.19,31,3,2.5,1,1,0,Y
5,9,7,PEVI,MONO,MONO_A,PEVI,PEVI,PEVI,5.99,5.43,0.56,38,4,4,1,2,0,Y
5,9,8,PEVI,MONO,MONO_A,PEVI,PEVI,PEVI,5.75,5.43,0.32,41,21,2.5,1,3,0,Y
5,9,9,PEVI,MONO,MONO_A,PEVI,PEVI,PEVI,6.05,5.43,0.62,47,43,4,1,3,0,Y
5,9,10,PEVI,MONO,MONO_A,PEVI,PEVI,PEVI,5.89,5.43,0.46,38,21,3.5,1,4,0,Y
5,9,NA,PEVI,MONO,MONO_A,PEVI,PEVI,TYPHA,143.06,41.73,101.33,NA,NA,NA,24,NA,NA,Y
5,10,NA,SCCY-JUEF,MIXED,PA,SCCY,JUEF,TYPHA,206.36,41.73,164.63,NA,NA,NA,37,NA,NA,NA
5,10,NA,SCCY-JUEF,MIXED,PA,SCCY,JUEF,SCCY,152.6,41.73,110.87,NA,NA,NA,NA,NA,NA,NA
5,10,NA,SCCY-JUEF,MIXED,PA,SCCY,JUEF,JUEF,140.29,41.73,98.56,NA,NA,NA,NA,NA,NA,NA
5,11,1,HIMO,MONO,MONO_B,HIMO,HIMO,HIMO,12.67,5.43,7.24,69,36,6,2,18,0,Y
5,11,2,HIMO,MONO,MONO_B,HIMO,HIMO,HIMO,9.74,5.43,4.31,62,26,5,4,36,0,Y
5,11,3,HIMO,MONO,MONO_B,HIMO,HIMO,HIMO,12.99,5.43,7.56,66.5,18,4,1,13,0,Y
5,11,4,HIMO,MONO,MONO_B,HIMO,HIMO,HIMO,12.07,5.43,6.64,77,23,5.5,3,28,0,Y
5,11,5,HIMO,MONO,MONO_B,HIMO,HIMO,HIMO,17.59,5.43,12.16,80,24,8,4,37,0,Y
5,11,6,HIMO,MONO,MONO_B,HIMO,HIMO,HIMO,11.76,5.43,6.33,77,25,6,2,18,0,Y
5,11,7,HIMO,MONO,MONO_B,HIMO,HIMO,HIMO,12.82,5.43,7.39,73,19,4,1,13,0,Y
5,11,8,HIMO,MONO,MONO_B,HIMO,HIMO,HIMO,11.66,5.43,6.23,67.5,32,6,2,26,0,Y
5,11,9,HIMO,MONO,MONO_B,HIMO,HIMO,HIMO,11.49,5.43,6.06,65,22,6,2,15,0,Y
5,11,10,HIMO,MONO,MONO_B,HIMO,HIMO,HIMO,13.89,5.43,8.46,66,33,5.5,2,38,0,Y
5,11,NA,HIMO,MONO,MONO_B,HIMO,HIMO,TYPHA,180.16,41.73,138.43,NA,NA,NA,27,NA,NA,Y
5,12,NA,PEVI-SCCY,MIXED,NPA,SCCY,PEVI,TYPHA,145.27,41.73,103.54,NA,NA,NA,33,NA,NA,NA
5,12,NA,PEVI-SCCY,MIXED,NPA,SCCY,PEVI,SCCY,141.61,41.73,99.88,NA,NA,NA,NA,NA,NA,NA
5,12,NA,PEVI-SCCY,MIXED,NPA,SCCY,PEVI,PEVI,43.42,41.73,1.69,NA,NA,NA,NA,NA,NA,NA
5,13,NA,PEVI-ACAM,MIXED,PA,PEVI,ACAM,TYPHA,268.47,41.73,226.74,NA,NA,NA,46,NA,NA,NA
5,13,NA,PEVI-ACAM,MIXED,PA,PEVI,ACAM,PEVI,43.3,41.73,1.57,NA,NA,NA,NA,NA,NA,NA
5,13,NA,PEVI-ACAM,MIXED,PA,PEVI,ACAM,ACAM,54.98,41.73,13.25,NA,NA,NA,NA,NA,NA,NA
5,14,1,SPEU,MONO,MONO_A,SPEU,SPEU,SPEU,5.46,5.43,0,NA,NA,NA,NA,NA,NA,N
5,14,2,SPEU,MONO,MONO_A,SPEU,SPEU,SPEU,9.65,5.43,4.22,61,NA,NA,1,7,0,Y
5,14,3,SPEU,MONO,MONO_A,SPEU,SPEU,SPEU,13.61,5.43,8.18,81,28,2,4,21,0,Y
5,14,4,SPEU,MONO,MONO_A,SPEU,SPEU,SPEU,8.3,5.43,2.87,67,12,1,2,5,0,Y
5,14,5,SPEU,MONO,MONO_A,SPEU,SPEU,SPEU,10.85,5.43,5.42,63,14,2,3,15,0,Y
5,14,6,SPEU,MONO,MONO_A,SPEU,SPEU,SPEU,9.5,5.43,4.07,64,0,0,1,3,0,Y
5,14,7,SPEU,MONO,MONO_A,SPEU,SPEU,SPEU,8.96,5.43,3.53,74,13,2,3,10,0,Y
5,14,8,SPEU,MONO,MONO_A,SPEU,SPEU,SPEU,7.46,5.43,2.03,61,6,0,1,4,0,Y
5,14,9,SPEU,MONO,MONO_A,SPEU,SPEU,SPEU,10.9,5.43,5.47,76,6,1,2,9,0,Y
5,14,10,SPEU,MONO,MONO_A,SPEU,SPEU,SPEU,12.9,5.43,7.47,73,13,3,4,15,0,Y
5,14,NA,SPEU,MONO,MONO_A,SPEU,SPEU,TYPHA,147.52,41.73,105.79,NA,NA,NA,27,NA,NA,Y
5,15,NA,SALA-SPEU,MIXED,PA,SALA,SPEU,TYPHA,157.65,41.73,115.92,NA,NA,NA,16,NA,NA,NA
5,15,NA,SALA-SPEU,MIXED,PA,SALA,SPEU,SPEU,63.45,41.73,21.72,NA,NA,NA,NA,NA,NA,NA
5,15,NA,SALA-SPEU,MIXED,PA,SALA,SPEU,SALA,97.68,41.73,55.95,NA,NA,NA,NA,NA,NA,NA
5,16,1,SALA,MONO,MONO_A,SALA,SALA,SALA,13.67,5.43,8.24,59,7,1,4,12,3,Y
5,16,2,SALA,MONO,MONO_A,SALA,SALA,SALA,7.7,5.43,2.27,55,49,4,6,21,1,Y
5,16,3,SALA,MONO,MONO_A,SALA,SALA,SALA,8.62,5.43,3.19,55,NA,0,2,7,2,Y
5,16,4,SALA,MONO,MONO_A,SALA,SALA,SALA,8.33,5.43,2.9,60,28,3,4,11,3,Y
5,16,5,SALA,MONO,MONO_A,SALA,SALA,SALA,7.16,5.43,1.73,48,NA,0,2,9,2,Y
5,16,6,SALA,MONO,MONO_A,SALA,SALA,SALA,8.55,5.43,3.12,61,NA,0,2,2,1,Y
5,16,7,SALA,MONO,MONO_A,SALA,SALA,SALA,7.45,5.43,2.02,59,7,1,3,5,1,Y
5,16,8,SALA,MONO,MONO_A,SALA,SALA,SALA,10.75,5.43,5.32,71,NA,0,2,9,3,Y
5,16,9,SALA,MONO,MONO_A,SALA,SALA,SALA,11.1,5.43,5.67,51,NA,0,2,8,3,Y
5,16,10,SALA,MONO,MONO_A,SALA,SALA,SALA,8.02,5.43,2.59,57,17,2,3,10,4,Y
5,16,NA,SALA,MONO,MONO_A,SALA,SALA,TYPHA,181.03,41.73,139.3,NA,NA,NA,42,NA,NA,Y
5,17,NA,SPEU-JUEF,MIXED,NPA,SPEU,JUEF,TYPHA,254.31,41.73,212.58,NA,NA,NA,39,NA,NA,NA
5,17,NA,SPEU-JUEF,MIXED,NPA,SPEU,JUEF,JUEF,159.93,41.73,118.2,NA,NA,NA,NA,NA,NA,NA
5,17,NA,SPEU-JUEF,MIXED,NPA,SPEU,JUEF,SPEU,47.9,41.73,6.17,NA,NA,NA,NA,NA,NA,NA
5,18,1,SCCY,MONO,MONO_A,SCCY,SCCY,SCCY,39.95,5.43,34.52,85,39,23,NA,NA,NA,Y
5,18,2,SCCY,MONO,MONO_A,SCCY,SCCY,SCCY,21.09,5.43,15.66,80,46,14,NA,NA,NA,Y
5,18,3,SCCY,MONO,MONO_A,SCCY,SCCY,SCCY,29.49,5.43,24.06,81.5,35,16.5,NA,NA,NA,Y
5,18,4,SCCY,MONO,MONO_A,SCCY,SCCY,SCCY,36.8,5.43,31.37,82,33,19,NA,NA,NA,Y
5,18,5,SCCY,MONO,MONO_A,SCCY,SCCY,SCCY,23.54,5.43,18.11,86,41,14,NA,NA,NA,Y
5,18,6,SCCY,MONO,MONO_A,SCCY,SCCY,SCCY,34.69,5.43,29.26,86,46,22,NA,NA,NA,Y
5,18,7,SCCY,MONO,MONO_A,SCCY,SCCY,SCCY,25.7,5.43,20.27,89,36,15,NA,NA,NA,Y
5,18,8,SCCY,MONO,MONO_A,SCCY,SCCY,SCCY,33.56,5.43,28.13,83,37,19,NA,NA,NA,Y
5,18,9,SCCY,MONO,MONO_A,SCCY,SCCY,SCCY,30.29,5.43,24.86,83,41,14,NA,NA,NA,Y
5,18,10,SCCY,MONO,MONO_A,SCCY,SCCY,SCCY,43.98,5.43,38.55,89,40,21,NA,NA,NA,Y
5,18,NA,SCCY,MONO,MONO_A,SCCY,SCCY,TYPHA,146.52,41.73,104.79,NA,NA,NA,28,NA,NA,Y
5,19,1,BOFL,MONO,MONO_B,BOFL,BOFL,BOFL,16.11,5.43,10.68,102,16,2,4,29,0,Y
5,19,2,BOFL,MONO,MONO_B,BOFL,BOFL,BOFL,13.95,5.43,8.52,107,10,1,3,23,0,Y
5,19,3,BOFL,MONO,MONO_B,BOFL,BOFL,BOFL,10.7,5.43,5.27,108,8,1,2,12,0,Y
5,19,4,BOFL,MONO,MONO_B,BOFL,BOFL,BOFL,11.77,5.43,6.34,112,8,1,2,21,0,Y
5,19,5,BOFL,MONO,MONO_B,BOFL,BOFL,BOFL,15.98,5.43,10.55,102,20,3,4,26,0,Y
5,19,6,BOFL,MONO,MONO_B,BOFL,BOFL,BOFL,18.99,5.43,13.56,122,18,1,4,23,0,Y
5,19,7,BOFL,MONO,MONO_B,BOFL,BOFL,BOFL,12.47,5.43,7.04,79,NA,0,2,10,0,Y
5,19,8,BOFL,MONO,MONO_B,BOFL,BOFL,BOFL,24.51,5.43,19.08,120,18,6,8,59,0,Y
5,19,9,BOFL,MONO,MONO_B,BOFL,BOFL,BOFL,19.48,5.43,14.05,93,16,2,5,25,0,Y
5,19,10,BOFL,MONO,MONO_B,BOFL,BOFL,BOFL,22.39,5.43,16.96,110,12,5,10,41,0,Y
5,19,NA,BOFL,MONO,MONO_B,BOFL,BOFL,TYPHA,173.88,41.73,132.15,NA,NA,NA,31,NA,NA,Y
5,20,1,JUEF,MONO,MONO_A,JUEF,JUEF,JUEF,24.82,5.43,19.39,85,26,19,0,0,0,Y
5,20,2,JUEF,MONO,MONO_A,JUEF,JUEF,JUEF,19.91,5.43,14.48,83,30,14,0,0,0,Y
5,20,3,JUEF,MONO,MONO_A,JUEF,JUEF,JUEF,27.4,5.43,21.97,87,53,17,0,0,0,Y
5,20,4,JUEF,MONO,MONO_A,JUEF,JUEF,JUEF,18.5,5.43,13.07,83,38,12,0,0,0,Y
5,20,5,JUEF,MONO,MONO_A,JUEF,JUEF,JUEF,19.98,5.43,14.55,87,29,13,0,0,0,Y
5,20,6,JUEF,MONO,MONO_A,JUEF,JUEF,JUEF,26.21,5.43,20.78,91,38,17,0,0,0,Y
5,20,7,JUEF,MONO,MONO_A,JUEF,JUEF,JUEF,22.95,5.43,17.52,78,35,14,0,0,0,Y
5,20,8,JUEF,MONO,MONO_A,JUEF,JUEF,JUEF,22.5,5.43,17.07,88,43,16.5,0,0,0,Y
5,20,9,JUEF,MONO,MONO_A,JUEF,JUEF,JUEF,32.04,5.43,26.61,86,48,19,0,0,0,Y
5,20,10,JUEF,MONO,MONO_A,JUEF,JUEF,JUEF,39.72,5.43,34.29,91,43,21,0,0,0,Y
5,20,NA,JUEF,MONO,MONO_A,JUEF,JUEF,TYPHA,125.76,41.73,84.03,NA,NA,NA,21,NA,NA,Y
5,21,NA,SALA-ACAM,MIXED,NPA,SALA,ACAM,TYPHA,211.63,41.73,169.9,NA,NA,NA,52,NA,NA,NA
5,21,NA,SALA-ACAM,MIXED,NPA,SALA,ACAM,SALA,84.64,41.73,42.91,NA,NA,NA,NA,NA,NA,NA
5,21,NA,SALA-ACAM,MIXED,NPA,SALA,ACAM,ACAM,53.28,41.73,11.55,NA,NA,NA,NA,NA,NA,NA
5,22,NA,SCCY-JUEF,MIXED,PA,SCCY,JUEF,TYPHA,125.14,41.73,83.41,NA,NA,NA,22,NA,NA,NA
5,22,NA,SCCY-JUEF,MIXED,PA,SCCY,JUEF,JUEF,155.35,41.73,113.62,NA,NA,NA,NA,NA,NA,NA
5,22,NA,SCCY-JUEF,MIXED,PA,SCCY,JUEF,SCCY,214.06,41.73,172.33,NA,NA,NA,NA,NA,NA,NA
5,23,NA,SALA-ACAM,MIXED,NPA,SALA,ACAM,TYPHA,154.22,41.73,112.49,NA,NA,NA,25,NA,NA,NA
5,23,NA,SALA-ACAM,MIXED,NPA,SALA,ACAM,SALA,82.33,41.73,40.6,NA,NA,NA,NA,NA,NA,NA
5,23,NA,SALA-ACAM,MIXED,NPA,SALA,ACAM,ACAM,51.85,41.73,10.12,NA,NA,NA,NA,NA,NA,NA
5,24,NA,TYPHA,CONTROL,CONTROL,TYPH,TYPHA,TYPHA,129.1,41.73,87.37,NA,NA,NA,18,NA,NA,Y
6,1,NA,SALA-ACAM,MIXED,NPA,SALA,ACAM,TYPHA,251.59,41.73,209.86,NA,NA,NA,34,NA,NA,NA
6,1,NA,SALA-ACAM,MIXED,NPA,SALA,ACAM,ACAM,54.78,41.73,13.05,NA,NA,NA,NA,NA,NA,NA
6,1,NA,SALA-ACAM,MIXED,NPA,SALA,ACAM,SALA,67.69,41.73,25.96,NA,NA,NA,NA,NA,NA,NA
6,2,NA,SALA-SPEU,MIXED,PA,SALA,SPEU,TYPHA,124.42,41.73,82.69,NA,NA,NA,17,NA,NA,NA
6,2,NA,SALA-SPEU,MIXED,PA,SALA,SPEU,SPEU,60,41.73,18.27,NA,NA,NA,NA,NA,NA,NA
6,2,NA,SALA-SPEU,MIXED,PA,SALA,SPEU,SALA,58.6,41.73,16.87,NA,NA,NA,NA,NA,NA,NA
6,3,1,SCCY,MONO,MONO_A,SCCY,SCCY,SCCY,37.13,6.82,30.31,67,35,20,NA,NA,0,Y
6,3,2,SCCY,MONO,MONO_A,SCCY,SCCY,SCCY,37.55,6.82,30.73,80,25,18,NA,NA,0,Y
6,3,3,SCCY,MONO,MONO_A,SCCY,SCCY,SCCY,39.32,6.82,32.5,73,23,19,NA,NA,0,Y
6,3,4,SCCY,MONO,MONO_A,SCCY,SCCY,SCCY,21.5,6.82,14.68,70,29,12.5,NA,NA,0,Y
6,3,5,SCCY,MONO,MONO_A,SCCY,SCCY,SCCY,18.8,6.82,11.98,74,39,10,NA,NA,0,Y
6,3,6,SCCY,MONO,MONO_A,SCCY,SCCY,SCCY,30.7,6.82,23.88,70,37,15,NA,NA,0,Y
6,3,7,SCCY,MONO,MONO_A,SCCY,SCCY,SCCY,26.1,6.82,19.28,79,40,15,NA,NA,0,Y
6,3,8,SCCY,MONO,MONO_A,SCCY,SCCY,SCCY,33.35,6.82,26.53,67,28,19.5,NA,NA,0,Y
6,3,9,SCCY,MONO,MONO_A,SCCY,SCCY,SCCY,35.21,6.82,28.39,79,42,19.5,NA,NA,0,Y
6,3,10,SCCY,MONO,MONO_A,SCCY,SCCY,SCCY,47.11,6.82,40.29,82,28,24,NA,NA,0,Y
6,3,NA,SCCY,MONO,MONO_A,SCCY,SCCY,TYPHA,110.38,41.73,68.65,NA,NA,NA,15,NA,NA,Y
6,4,NA,SALA-ACAM,MIXED,NPA,SALA,ACAM,TYPHA,206.47,41.73,164.74,NA,NA,NA,29,NA,NA,NA
6,4,NA,SALA-ACAM,MIXED,NPA,SALA,ACAM,ACAM,53.21,41.73,11.48,NA,NA,NA,NA,NA,NA,NA
6,4,NA,SALA-ACAM,MIXED,NPA,SALA,ACAM,SALA,51.1,41.73,9.37,NA,NA,NA,NA,NA,NA,NA
6,5,1,ACAM,MONO,MONO_A,ACAM,ACAM,ACAM,9.95,6.82,3.13,63,30,7,1,6,0,Y
6,5,2,ACAM,MONO,MONO_A,ACAM,ACAM,ACAM,7.93,6.82,1.11,66,17,5,1,6,0,Y
6,5,3,ACAM,MONO,MONO_A,ACAM,ACAM,ACAM,9.27,6.82,2.45,72,38,7,1,7,0,Y
6,5,4,ACAM,MONO,MONO_A,ACAM,ACAM,ACAM,8.04,6.82,1.22,69,10,4,1,5,0,Y
6,5,5,ACAM,MONO,MONO_A,ACAM,ACAM,ACAM,9.47,6.82,2.65,67,20,7,2,11,0,Y
6,5,6,ACAM,MONO,MONO_A,ACAM,ACAM,ACAM,7.88,6.82,1.06,57,15,4,1,5,0,Y
6,5,7,ACAM,MONO,MONO_A,ACAM,ACAM,ACAM,8.24,6.82,1.42,74,34,5,1,5,0,Y
6,5,8,ACAM,MONO,MONO_A,ACAM,ACAM,ACAM,7.53,6.82,0.71,64,20,4,1,5,0,Y
6,5,9,ACAM,MONO,MONO_A,ACAM,ACAM,ACAM,8.51,6.82,1.69,75,24,5,1,5,0,Y
6,5,10,ACAM,MONO,MONO_A,ACAM,ACAM,ACAM,9.13,6.82,2.31,68,36,10,2,9,0,Y
6,5,NA,ACAM,MONO,MONO_A,ACAM,ACAM,TYPHA,262.47,41.73,220.74,NA,NA,NA,39,NA,NA,Y
6,6,1,JUEF,MONO,MONO_A,JUEF,JUEF,JUEF,18.82,6.82,12,85,22,14,NA,NA,0,Y
6,6,2,JUEF,MONO,MONO_A,JUEF,JUEF,JUEF,22.24,6.82,15.42,87,24,15,NA,NA,0,Y
6,6,3,JUEF,MONO,MONO_A,JUEF,JUEF,JUEF,15.27,6.82,8.45,77,21,10,NA,NA,0,Y
6,6,4,JUEF,MONO,MONO_A,JUEF,JUEF,JUEF,21.69,6.82,14.87,86,17,12.5,NA,NA,0,Y
6,6,5,JUEF,MONO,MONO_A,JUEF,JUEF,JUEF,34.91,6.82,28.09,88,30,18,NA,NA,0,Y
6,6,6,JUEF,MONO,MONO_A,JUEF,JUEF,JUEF,25.48,6.82,18.66,87,17,16,NA,NA,0,Y
6,6,7,JUEF,MONO,MONO_A,JUEF,JUEF,JUEF,23.86,6.82,17.04,94,16,13,NA,NA,0,Y
6,6,8,JUEF,MONO,MONO_A,JUEF,JUEF,JUEF,26.55,6.82,19.73,91,37,18,NA,NA,0,Y
6,6,9,JUEF,MONO,MONO_A,JUEF,JUEF,JUEF,19.54,6.82,12.72,97,22,15,NA,NA,0,Y
6,6,10,JUEF,MONO,MONO_A,JUEF,JUEF,JUEF,28.49,6.82,21.67,91,33,13.5,NA,NA,0,Y
6,6,NA,JUEF,MONO,MONO_A,JUEF,JUEF,TYPHA,246.03,41.73,204.3,NA,NA,NA,32,NA,NA,Y
6,7,NA,PEVI-ACAM,MIXED,PA,PEVI,ACAM,TYPHA,406.3,41.73,364.57,NA,NA,NA,72,NA,NA,NA
6,7,NA,PEVI-ACAM,MIXED,PA,PEVI,ACAM,ACAM,48.46,41.73,6.73,NA,NA,NA,NA,NA,NA,NA
6,7,NA,PEVI-ACAM,MIXED,PA,PEVI,ACAM,PEVI,44.31,41.73,2.58,NA,NA,NA,NA,NA,NA,NA
6,8,NA,SPEU-JUEF,MIXED,NPA,SPEU,JUEF,TYPHA,249.07,41.73,207.34,NA,NA,NA,32,NA,NA,NA
6,8,NA,SPEU-JUEF,MIXED,NPA,SPEU,JUEF,JUEF,107.97,41.73,66.24,NA,NA,NA,NA,NA,NA,NA
6,8,NA,SPEU-JUEF,MIXED,NPA,SPEU,JUEF,SPEU,47.51,41.73,5.78,NA,NA,NA,NA,NA,NA,NA
6,9,1,SCTA,MONO,MONO_B,SCTA,SCTA,SCTA,12.42,6.82,5.6,105,17,3,NA,6,0,Y
6,9,2,SCTA,MONO,MONO_B,SCTA,SCTA,SCTA,10.72,6.82,3.9,107,11,2,NA,7,0,Y
6,9,3,SCTA,MONO,MONO_B,SCTA,SCTA,SCTA,15.31,6.82,8.49,100,21,4,NA,10,0,Y
6,9,4,SCTA,MONO,MONO_B,SCTA,SCTA,SCTA,23.03,6.82,16.21,114,23,5,NA,21,0,Y
6,9,5,SCTA,MONO,MONO_B,SCTA,SCTA,SCTA,19.99,6.82,13.17,130,17,3,NA,12,0,Y
6,9,6,SCTA,MONO,MONO_B,SCTA,SCTA,SCTA,18.3,6.82,11.48,115,26,5,NA,15,0,Y
6,9,7,SCTA,MONO,MONO_B,SCTA,SCTA,SCTA,16.75,6.82,9.93,115,8,2,NA,11,0,Y
6,9,8,SCTA,MONO,MONO_B,SCTA,SCTA,SCTA,16.08,6.82,9.26,117,17,2,NA,10,0,Y
6,9,9,SCTA,MONO,MONO_B,SCTA,SCTA,SCTA,18.43,6.82,11.61,129,22,5,NA,14,0,Y
6,9,10,SCTA,MONO,MONO_B,SCTA,SCTA,SCTA,19.62,6.82,12.8,146,40,6,NA,17,0,Y
6,9,NA,SCTA,MONO,MONO_B,SCTA,SCTA,TYPHA,319.83,41.73,278.1,NA,NA,NA,56,NA,NA,Y
6,10,NA,TYPHA,CONTROL,CONTROL,TYPH,TYPHA,TYPHA,357.24,41.73,315.51,NA,NA,NA,69,NA,NA,Y
6,11,NA,PEVI-SCCY,MIXED,NPA,PEVI,SCCY,TYPHA,371.15,41.73,329.42,NA,NA,NA,62,NA,NA,NA
6,11,NA,PEVI-SCCY,MIXED,NPA,PEVI,SCCY,SCCY,186.59,41.73,144.86,NA,NA,NA,NA,NA,NA,NA
6,11,NA,PEVI-SCCY,MIXED,NPA,PEVI,SCCY,PEVI,43.76,41.73,2.03,NA,NA,NA,NA,NA,NA,NA
6,12,NA,SCCY-JUEF,MIXED,PA,SCCY,JUEF,TYPHA,343.28,41.73,301.55,NA,NA,NA,54,NA,NA,NA
6,12,NA,SCCY-JUEF,MIXED,PA,SCCY,JUEF,SCCY,138.76,41.73,97.03,NA,NA,NA,NA,NA,NA,NA
6,12,NA,SCCY-JUEF,MIXED,PA,SCCY,JUEF,JUEF,126.45,41.73,84.72,NA,NA,NA,NA,NA,NA,NA
6,13,1,BOFL,MONO,MONO_B,BOFL,BOFL,BOFL,6.78,6.82,0,NA,NA,NA,NA,NA,0,N
6,13,2,BOFL,MONO,MONO_B,BOFL,BOFL,BOFL,10.54,6.82,3.72,105,NA,0,3,16,0,Y
6,13,3,BOFL,MONO,MONO_B,BOFL,BOFL,BOFL,11.61,6.82,4.79,111,NA,0,2,17,0,Y
6,13,4,BOFL,MONO,MONO_B,BOFL,BOFL,BOFL,23.6,6.82,16.78,121,22,3,7,41,0,Y
6,13,5,BOFL,MONO,MONO_B,BOFL,BOFL,BOFL,14.14,6.82,7.32,109,14,2,4,30,0,Y
6,13,6,BOFL,MONO,MONO_B,BOFL,BOFL,BOFL,10.62,6.82,3.8,92,NA,0,1,8,0,Y
6,13,7,BOFL,MONO,MONO_B,BOFL,BOFL,BOFL,12.59,6.82,5.77,70,6,2,4,27,0,Y
6,13,8,BOFL,MONO,MONO_B,BOFL,BOFL,BOFL,16.31,6.82,9.49,117,NA,0,4,27,0,Y
6,13,9,BOFL,MONO,MONO_B,BOFL,BOFL,BOFL,14.57,6.34,8.23,97,18,2,4,17,0,Y
6,13,10,BOFL,MONO,MONO_B,BOFL,BOFL,BOFL,9.4,6.34,3.06,83,11,1,2,14,0,Y
6,13,NA,BOFL,MONO,MONO_B,BOFL,BOFL,TYPHA,363.04,41.73,321.31,NA,NA,NA,62,NA,NA,Y
6,14,NA,PEVI-ACAM,MIXED,PA,PEVI,ACAM,TYPHA,358.68,41.73,316.95,NA,NA,NA,60,NA,NA,NA
6,14,NA,PEVI-ACAM,MIXED,PA,PEVI,ACAM,ACAM,48.4,41.73,6.67,NA,NA,NA,NA,NA,NA,NA
6,14,NA,PEVI-ACAM,MIXED,PA,PEVI,ACAM,PEVI,43.8,41.73,2.07,NA,NA,NA,NA,NA,NA,NA
6,15,1,SALA,MONO,MONO_A,SALA,SALA,SALA,9.8,6.34,3.46,50,15,2,2,5,1,Y
6,15,2,SALA,MONO,MONO_A,SALA,SALA,SALA,8.28,6.34,1.94,45,42,5,6,10,0,Y
6,15,3,SALA,MONO,MONO_A,SALA,SALA,SALA,9.41,6.34,3.07,52,NA,0,2,11,2,Y
6,15,4,SALA,MONO,MONO_A,SALA,SALA,SALA,10.35,6.34,4.01,55,15,1,2,7,2,Y
6,15,5,SALA,MONO,MONO_A,SALA,SALA,SALA,6.66,6.34,0.32,26,NA,0,1,6,0,Y
6,15,6,SALA,MONO,MONO_A,SALA,SALA,SALA,8.91,6.34,2.57,51,NA,0,1,5,1,Y
6,15,7,SALA,MONO,MONO_A,SALA,SALA,SALA,7.23,6.34,0.89,NA,NA,NA,1,4,1,Y
6,15,8,SALA,MONO,MONO_A,SALA,SALA,SALA,6.92,6.34,0.58,36,NA,0,1,4,0,Y
6,15,9,SALA,MONO,MONO_A,SALA,SALA,SALA,9.9,6.34,3.56,44,15,1,4,9,2,Y
6,15,10,SALA,MONO,MONO_A,SALA,SALA,SALA,12.64,6.34,6.3,86,55,3,5,13,3,Y
6,15,NA,SALA,MONO,MONO_A,SALA,SALA,TYPHA,333.48,41.73,291.75,NA,NA,NA,50,NA,NA,Y
6,16,NA,SPEU-JUEF,MIXED,NPA,SPEU,JUEF,TYPHA,314.26,41.73,272.53,NA,NA,NA,50,NA,NA,NA
6,16,NA,SPEU-JUEF,MIXED,NPA,SPEU,JUEF,SPEU,51.2,41.73,9.47,NA,NA,NA,NA,NA,NA,NA
6,16,NA,SPEU-JUEF,MIXED,NPA,SPEU,JUEF,JUEF,131.61,41.73,89.88,NA,NA,NA,NA,NA,NA,NA
6,17,NA,TYPHA,CONTROL,CONTROL,TYPH,TYPHA,TYPHA,162.16,41.73,120.43,NA,NA,NA,22,NA,NA,Y
6,18,1,SYPU,MONO,MONO_B,SYPU,SYPU,SYPU,0,6.34,0,0,0,0,0,0,0,N
6,18,2,SYPU,MONO,MONO_B,SYPU,SYPU,SYPU,0,6.34,0,0,0,0,0,0,0,N
6,18,3,SYPU,MONO,MONO_B,SYPU,SYPU,SYPU,0,6.34,0,0,0,0,0,0,0,N
6,18,4,SYPU,MONO,MONO_B,SYPU,SYPU,SYPU,0,6.34,0,0,0,0,0,0,0,N
6,18,5,SYPU,MONO,MONO_B,SYPU,SYPU,SYPU,0,6.34,0,0,0,0,0,0,0,N
6,18,6,SYPU,MONO,MONO_B,SYPU,SYPU,SYPU,0,6.34,0,0,0,0,0,0,0,N
6,18,7,SYPU,MONO,MONO_B,SYPU,SYPU,SYPU,0,6.34,0,0,0,0,0,0,0,N
6,18,8,SYPU,MONO,MONO_B,SYPU,SYPU,SYPU,0,6.34,0,0,0,0,0,0,0,N
6,18,9,SYPU,MONO,MONO_B,SYPU,SYPU,SYPU,0,6.34,0,0,0,0,0,0,0,N
6,18,10,SYPU,MONO,MONO_B,SYPU,SYPU,SYPU,0,6.34,0,0,0,0,0,0,0,N
6,18,NA,SYPU,MONO,MONO_B,SYPU,SYPU,TYPHA,80.45,41.73,38.72,NA,NA,NA,5,NA,NA,Y
6,19,1,HIMO,MONO,MONO_B,HIMO,HIMO,HIMO,14.68,6.34,8.34,78,25,5,2,21,0,Y
6,19,2,HIMO,MONO,MONO_B,HIMO,HIMO,HIMO,15.32,6.34,8.98,68,23,6,3,28,0,Y
6,19,3,HIMO,MONO,MONO_B,HIMO,HIMO,HIMO,19.56,6.34,13.22,79,30,7.5,3,47,0,Y
6,19,4,HIMO,MONO,MONO_B,HIMO,HIMO,HIMO,14.2,6.34,7.86,82,15,4.5,1,11,0,Y
6,19,5,HIMO,MONO,MONO_B,HIMO,HIMO,HIMO,14.9,6.34,8.56,88,12,5,2,28,0,Y
6,19,6,HIMO,MONO,MONO_B,HIMO,HIMO,HIMO,17.37,6.34,11.03,91,12,6.5,3,24,0,Y
6,19,7,HIMO,MONO,MONO_B,HIMO,HIMO,HIMO,17.29,6.34,10.95,80,28,7,4,38,0,Y
6,19,8,HIMO,MONO,MONO_B,HIMO,HIMO,HIMO,13.41,6.34,7.07,80,18,4,1,16,0,Y
6,19,9,HIMO,MONO,MONO_B,HIMO,HIMO,HIMO,15.98,6.34,9.64,77,26,6.5,2,16,0,Y
6,19,10,HIMO,MONO,MONO_B,HIMO,HIMO,HIMO,16.98,6.34,10.64,98,12,4.5,1,14,0,Y
6,19,NA,HIMO,MONO,MONO_B,HIMO,HIMO,TYPHA,188.75,41.73,147.02,NA,NA,NA,18,NA,NA,Y
6,20,NA,SCCY-JUEF,MIXED,PA,SCCY,JUEF,TYPHA,174,41.73,132.27,NA,NA,NA,15,NA,NA,NA
6,20,NA,SCCY-JUEF,MIXED,PA,SCCY,JUEF,SCCY,199.89,41.73,158.16,NA,NA,NA,NA,NA,NA,NA
6,20,NA,SCCY-JUEF,MIXED,PA,SCCY,JUEF,JUEF,130.92,41.73,89.19,NA,NA,NA,NA,NA,NA,NA
6,21,NA,SALA-SPEU,MIXED,PA,SALA,SPEU,TYPHA,62.45,41.73,20.72,NA,NA,NA,3,NA,NA,NA
6,21,NA,SALA-SPEU,MIXED,PA,SALA,SPEU,SALA,130.49,41.73,88.76,NA,NA,NA,NA,NA,NA,NA
6,21,NA,SALA-SPEU,MIXED,PA,SALA,SPEU,SPEU,92.45,41.73,50.72,NA,NA,NA,NA,NA,NA,NA
6,22,1,SPEU,MONO,MONO_A,SPEU,SPEU,SPEU,23.45,6.34,17.11,80,37,6,7,26,1,Y
6,22,2,SPEU,MONO,MONO_A,SPEU,SPEU,SPEU,24.13,6.34,17.79,72,26,0,9,27,0,Y
6,22,3,SPEU,MONO,MONO_A,SPEU,SPEU,SPEU,51.6,6.34,45.26,94,53,9,12,54,0,Y
6,22,4,SPEU,MONO,MONO_A,SPEU,SPEU,SPEU,16.03,6.34,9.69,63,8,4,7,21,0,Y
6,22,5,SPEU,MONO,MONO_A,SPEU,SPEU,SPEU,27.29,6.34,20.95,93,8,4,10,31,0,Y
6,22,6,SPEU,MONO,MONO_A,SPEU,SPEU,SPEU,19,6.34,12.66,76,15,5,8,29,1,Y
6,22,7,SPEU,MONO,MONO_A,SPEU,SPEU,SPEU,18.07,6.34,11.73,93,10,2,5,23,1,Y
6,22,8,SPEU,MONO,MONO_A,SPEU,SPEU,SPEU,18.54,6.34,12.2,47,75,4,6,26,1,Y
6,22,9,SPEU,MONO,MONO_A,SPEU,SPEU,SPEU,46.44,6.34,40.1,85,32,10,14,67,1,Y
6,22,10,SPEU,MONO,MONO_A,SPEU,SPEU,SPEU,36.28,6.34,29.94,88,58,10,14,57,1,Y
6,22,NA,SPEU,MONO,MONO_A,SPEU,SPEU,TYPHA,43.96,41.73,2.23,NA,NA,NA,4,NA,NA,Y
6,23,1,PEVI,MONO,MONO_A,PEVI,PEVI,PEVI,8.38,6.34,2.04,56,36,8,1,4,0,Y
6,23,2,PEVI,MONO,MONO_A,PEVI,PEVI,PEVI,7.38,6.34,1.04,52,16,5,2,4,0,Y
6,23,3,PEVI,MONO,MONO_A,PEVI,PEVI,PEVI,7.36,6.34,1.02,49,3,4,1,2,0,Y
6,23,4,PEVI,MONO,MONO_A,PEVI,PEVI,PEVI,7.17,6.34,0.83,38,23,4,1,3,0,Y
6,23,5,PEVI,MONO,MONO_A,PEVI,PEVI,PEVI,8.81,6.34,2.47,53,59,7,1,4,0,Y
6,23,6,PEVI,MONO,MONO_A,PEVI,PEVI,PEVI,8.82,6.34,2.48,51,46,7.5,1,4,0,Y
6,23,7,PEVI,MONO,MONO_A,PEVI,PEVI,PEVI,8.49,6.34,2.15,59,29,6.5,1,3,0,Y
6,23,8,PEVI,MONO,MONO_A,PEVI,PEVI,PEVI,6.83,6.34,0.49,35,2,3.5,1,2,0,Y
6,23,9,PEVI,MONO,MONO_A,PEVI,PEVI,PEVI,7.8,6.34,1.46,34,14,3.5,1,2,0,Y
6,23,10,PEVI,MONO,MONO_A,PEVI,PEVI,PEVI,7.14,6.34,0.8,45,48,5,1,5,0,Y
6,23,NA,PEVI,MONO,MONO_A,PEVI,PEVI,TYPHA,141.66,41.73,99.93,NA,NA,NA,11,NA,NA,Y
6,24,NA,PEVI-SCCY,MIXED,NPA,PEVI,SCCY,TYPHA,157.93,41.73,116.2,NA,NA,NA,20,NA,NA,NA
6,24,NA,PEVI-SCCY,MIXED,NPA,PEVI,SCCY,PEVI,50.09,41.73,8.36,NA,NA,NA,NA,NA,NA,NA
6,24,NA,PEVI-SCCY,MIXED,NPA,PEVI,SCCY,SCCY,255.2,41.73,213.47,NA,NA,NA,NA,NA,NA,NA
